lawyer_id,lawyer_url
1,https://www.avvo.com/attorneys/750961.html
2,https://www.avvo.com/attorneys/370602.html
3,https://www.avvo.com/attorneys/16108.html
4,https://www.avvo.com/attorneys/383564.html
5,https://www.avvo.com/attorneys/312867.html
6,https://www.avvo.com/attorneys/326413.html
7,https://www.avvo.com/attorneys/257831.html
8,https://www.avvo.com/attorneys/4614245.html
9,https://www.avvo.com/attorneys/108526.html
10,https://www.avvo.com/attorneys/166852.html
11,https://www.avvo.com/attorneys/471793.html
12,https://www.avvo.com/attorneys/2805621.html
13,https://www.avvo.com/attorneys/5101071.html
14,https://www.avvo.com/attorneys/280221.html
15,https://www.avvo.com/attorneys/40193.html
16,https://www.avvo.com/attorneys/4697567.html
17,https://www.avvo.com/attorneys/4857087.html
18,https://www.avvo.com/attorneys/362957.html
19,https://www.avvo.com/attorneys/269220.html
20,https://www.avvo.com/attorneys/360442.html
21,https://www.avvo.com/attorneys/4712867.html
22,https://www.avvo.com/attorneys/367333.html
23,https://www.avvo.com/attorneys/300153.html
24,https://www.avvo.com/attorneys/82555.html
25,https://www.avvo.com/attorneys/4973275.html
26,https://www.avvo.com/attorneys/708359.html
27,https://www.avvo.com/attorneys/348961.html
28,https://www.avvo.com/attorneys/3334578.html
29,https://www.avvo.com/attorneys/344751.html
30,https://www.avvo.com/attorneys/332062.html
31,https://www.avvo.com/attorneys/262439.html
32,https://www.avvo.com/attorneys/116294.html
33,https://www.avvo.com/attorneys/1011916.html
34,https://www.avvo.com/attorneys/200248.html
35,https://www.avvo.com/attorneys/4239557.html
36,https://www.avvo.com/attorneys/163688.html
37,https://www.avvo.com/attorneys/331503.html
38,https://www.avvo.com/attorneys/1843650.html
39,https://www.avvo.com/attorneys/356005.html
40,https://www.avvo.com/attorneys/307939.html
41,https://www.avvo.com/attorneys/139386.html
42,https://www.avvo.com/attorneys/3738298.html
43,https://www.avvo.com/attorneys/1330785.html
44,https://www.avvo.com/attorneys/387788.html
45,https://www.avvo.com/attorneys/246844.html
46,https://www.avvo.com/attorneys/174768.html
47,https://www.avvo.com/attorneys/121128.html
48,https://www.avvo.com/attorneys/4576387.html
49,https://www.avvo.com/attorneys/4870823.html
50,https://www.avvo.com/attorneys/1735223.html
51,https://www.avvo.com/attorneys/4344823.html
52,https://www.avvo.com/attorneys/3334390.html
53,https://www.avvo.com/attorneys/207165.html
54,https://www.avvo.com/attorneys/4697857.html
55,https://www.avvo.com/attorneys/169952.html
56,https://www.avvo.com/attorneys/1216104.html
57,https://www.avvo.com/attorneys/3343062.html
58,https://www.avvo.com/attorneys/286843.html
59,https://www.avvo.com/attorneys/296901.html
60,https://www.avvo.com/attorneys/322913.html
61,https://www.avvo.com/attorneys/372468.html
62,https://www.avvo.com/attorneys/316135.html
63,https://www.avvo.com/attorneys/4501143.html
64,https://www.avvo.com/attorneys/167000.html
65,https://www.avvo.com/attorneys/297406.html
66,https://www.avvo.com/attorneys/258763.html
67,https://www.avvo.com/attorneys/502664.html
68,https://www.avvo.com/attorneys/5042712.html
69,https://www.avvo.com/attorneys/2926782.html
70,https://www.avvo.com/attorneys/241931.html
71,https://www.avvo.com/attorneys/322458.html
72,https://www.avvo.com/attorneys/1904530.html
73,https://www.avvo.com/attorneys/234513.html
74,https://www.avvo.com/attorneys/4367401.html
75,https://www.avvo.com/attorneys/187362.html
76,https://www.avvo.com/attorneys/299772.html
77,https://www.avvo.com/attorneys/4232787.html
78,https://www.avvo.com/attorneys/1402585.html
79,https://www.avvo.com/attorneys/4219834.html
80,https://www.avvo.com/attorneys/715679.html
81,https://www.avvo.com/attorneys/497237.html
82,https://www.avvo.com/attorneys/182464.html
83,https://www.avvo.com/attorneys/756898.html
84,https://www.avvo.com/attorneys/4530886.html
85,https://www.avvo.com/attorneys/254156.html
86,https://www.avvo.com/attorneys/4675418.html
87,https://www.avvo.com/attorneys/4218864.html
88,https://www.avvo.com/attorneys/5147522.html
89,https://www.avvo.com/attorneys/1809655.html
90,https://www.avvo.com/attorneys/359181.html
91,https://www.avvo.com/attorneys/1429225.html
92,https://www.avvo.com/attorneys/372415.html
93,https://www.avvo.com/attorneys/3735685.html
94,https://www.avvo.com/attorneys/5052630.html
95,https://www.avvo.com/attorneys/288125.html
96,https://www.avvo.com/attorneys/832855.html
97,https://www.avvo.com/attorneys/276984.html
98,https://www.avvo.com/attorneys/3599551.html
99,https://www.avvo.com/attorneys/4239814.html
100,https://www.avvo.com/attorneys/385309.html
101,https://www.avvo.com/attorneys/1394647.html
102,https://www.avvo.com/attorneys/109938.html
103,https://www.avvo.com/attorneys/41947.html
104,https://www.avvo.com/attorneys/5100581.html
105,https://www.avvo.com/attorneys/1907662.html
106,https://www.avvo.com/attorneys/4217565.html
107,https://www.avvo.com/attorneys/1659037.html
108,https://www.avvo.com/attorneys/1324986.html
109,https://www.avvo.com/attorneys/27358.html
110,https://www.avvo.com/attorneys/306338.html
111,https://www.avvo.com/attorneys/97213.html
112,https://www.avvo.com/attorneys/87177.html
113,https://www.avvo.com/attorneys/4752244.html
114,https://www.avvo.com/attorneys/4133496.html
115,https://www.avvo.com/attorneys/4072760.html
116,https://www.avvo.com/attorneys/5022163.html
117,https://www.avvo.com/attorneys/268648.html
118,https://www.avvo.com/attorneys/256294.html
119,https://www.avvo.com/attorneys/4093330.html
120,https://www.avvo.com/attorneys/340112.html
121,https://www.avvo.com/attorneys/360892.html
122,https://www.avvo.com/attorneys/701770.html
123,https://www.avvo.com/attorneys/141690.html
124,https://www.avvo.com/attorneys/889500.html
125,https://www.avvo.com/attorneys/1911553.html
126,https://www.avvo.com/attorneys/1797284.html
127,https://www.avvo.com/attorneys/333235.html
128,https://www.avvo.com/attorneys/11667.html
129,https://www.avvo.com/attorneys/1060245.html
130,https://www.avvo.com/attorneys/3679442.html
131,https://www.avvo.com/attorneys/250064.html
132,https://www.avvo.com/attorneys/262400.html
133,https://www.avvo.com/attorneys/293687.html
134,https://www.avvo.com/attorneys/266801.html
135,https://www.avvo.com/attorneys/361966.html
136,https://www.avvo.com/attorneys/1786023.html
137,https://www.avvo.com/attorneys/257842.html
138,https://www.avvo.com/attorneys/367878.html
139,https://www.avvo.com/attorneys/348162.html
140,https://www.avvo.com/attorneys/3333766.html
141,https://www.avvo.com/attorneys/392471.html
142,https://www.avvo.com/attorneys/4069531.html
143,https://www.avvo.com/attorneys/368779.html
144,https://www.avvo.com/attorneys/357677.html
145,https://www.avvo.com/attorneys/1342253.html
146,https://www.avvo.com/attorneys/290023.html
147,https://www.avvo.com/attorneys/4069966.html
148,https://www.avvo.com/attorneys/324565.html
149,https://www.avvo.com/attorneys/4072080.html
150,https://www.avvo.com/attorneys/326446.html
151,https://www.avvo.com/attorneys/1068338.html
152,https://www.avvo.com/attorneys/144224.html
153,https://www.avvo.com/attorneys/101937.html
154,https://www.avvo.com/attorneys/132720.html
155,https://www.avvo.com/attorneys/4522083.html
156,https://www.avvo.com/attorneys/4748868.html
157,https://www.avvo.com/attorneys/4732967.html
158,https://www.avvo.com/attorneys/5020095.html
159,https://www.avvo.com/attorneys/4468269.html
160,https://www.avvo.com/attorneys/79991.html
161,https://www.avvo.com/attorneys/3561585.html
162,https://www.avvo.com/attorneys/408924.html
163,https://www.avvo.com/attorneys/180838.html
164,https://www.avvo.com/attorneys/1906872.html
165,https://www.avvo.com/attorneys/169859.html
166,https://www.avvo.com/attorneys/1261426.html
167,https://www.avvo.com/attorneys/4090783.html
168,https://www.avvo.com/attorneys/83059.html
169,https://www.avvo.com/attorneys/1753279.html
170,https://www.avvo.com/attorneys/1947016.html
171,https://www.avvo.com/attorneys/5054760.html
172,https://www.avvo.com/attorneys/194594.html
173,https://www.avvo.com/attorneys/281739.html
174,https://www.avvo.com/attorneys/4732949.html
175,https://www.avvo.com/attorneys/1219558.html
176,https://www.avvo.com/attorneys/4648316.html
177,https://www.avvo.com/attorneys/139971.html
178,https://www.avvo.com/attorneys/251527.html
179,https://www.avvo.com/attorneys/293050.html
180,https://www.avvo.com/attorneys/81523.html
181,https://www.avvo.com/attorneys/20126.html
182,https://www.avvo.com/attorneys/348185.html
183,https://www.avvo.com/attorneys/228062.html
184,https://www.avvo.com/attorneys/4256605.html
185,https://www.avvo.com/attorneys/506878.html
186,https://www.avvo.com/attorneys/348786.html
187,https://www.avvo.com/attorneys/3337700.html
188,https://www.avvo.com/attorneys/299171.html
189,https://www.avvo.com/attorneys/1706789.html
190,https://www.avvo.com/attorneys/270521.html
191,https://www.avvo.com/attorneys/351938.html
192,https://www.avvo.com/attorneys/294175.html
193,https://www.avvo.com/attorneys/1253931.html
194,https://www.avvo.com/attorneys/146056.html
195,https://www.avvo.com/attorneys/296201.html
196,https://www.avvo.com/attorneys/340449.html
197,https://www.avvo.com/attorneys/33534.html
198,https://www.avvo.com/attorneys/999970.html
199,https://www.avvo.com/attorneys/1904459.html
200,https://www.avvo.com/attorneys/2925973.html
201,https://www.avvo.com/attorneys/756750.html
202,https://www.avvo.com/attorneys/1953771.html
203,https://www.avvo.com/attorneys/4697846.html
204,https://www.avvo.com/attorneys/4881135.html
205,https://www.avvo.com/attorneys/1218812.html
206,https://www.avvo.com/attorneys/1911934.html
207,https://www.avvo.com/attorneys/262056.html
208,https://www.avvo.com/attorneys/576922.html
209,https://www.avvo.com/attorneys/550263.html
210,https://www.avvo.com/attorneys/315230.html
211,https://www.avvo.com/attorneys/379954.html
212,https://www.avvo.com/attorneys/1219680.html
213,https://www.avvo.com/attorneys/1440625.html
214,https://www.avvo.com/attorneys/1294472.html
215,https://www.avvo.com/attorneys/65576.html
216,https://www.avvo.com/attorneys/4217865.html
217,https://www.avvo.com/attorneys/61093.html
218,https://www.avvo.com/attorneys/4774001.html
219,https://www.avvo.com/attorneys/1713780.html
220,https://www.avvo.com/attorneys/202560.html
221,https://www.avvo.com/attorneys/14603.html
222,https://www.avvo.com/attorneys/294902.html
223,https://www.avvo.com/attorneys/4068072.html
224,https://www.avvo.com/attorneys/341747.html
225,https://www.avvo.com/attorneys/4303376.html
226,https://www.avvo.com/attorneys/4517192.html
227,https://www.avvo.com/attorneys/304111.html
228,https://www.avvo.com/attorneys/447325.html
229,https://www.avvo.com/attorneys/218424.html
230,https://www.avvo.com/attorneys/4579777.html
231,https://www.avvo.com/attorneys/269221.html
232,https://www.avvo.com/attorneys/2805626.html
233,https://www.avvo.com/attorneys/1715356.html
234,https://www.avvo.com/attorneys/1955056.html
235,https://www.avvo.com/attorneys/400399.html
236,https://www.avvo.com/attorneys/291283.html
237,https://www.avvo.com/attorneys/4555878.html
238,https://www.avvo.com/attorneys/3333963.html
239,https://www.avvo.com/attorneys/4330398.html
240,https://www.avvo.com/attorneys/1908900.html
241,https://www.avvo.com/attorneys/496677.html
242,https://www.avvo.com/attorneys/4750350.html
243,https://www.avvo.com/attorneys/736066.html
244,https://www.avvo.com/attorneys/332937.html
245,https://www.avvo.com/attorneys/4690828.html
246,https://www.avvo.com/attorneys/1800791.html
247,https://www.avvo.com/attorneys/4563433.html
248,https://www.avvo.com/attorneys/4856482.html
249,https://www.avvo.com/attorneys/1332320.html
250,https://www.avvo.com/attorneys/455728.html
251,https://www.avvo.com/attorneys/925150.html
252,https://www.avvo.com/attorneys/1756904.html
253,https://www.avvo.com/attorneys/294970.html
254,https://www.avvo.com/attorneys/4178148.html
255,https://www.avvo.com/attorneys/4429273.html
256,https://www.avvo.com/attorneys/1756898.html
257,https://www.avvo.com/attorneys/101163.html
258,https://www.avvo.com/attorneys/1906207.html
259,https://www.avvo.com/attorneys/602657.html
260,https://www.avvo.com/attorneys/4857077.html
261,https://www.avvo.com/attorneys/97715.html
262,https://www.avvo.com/attorneys/98312.html
263,https://www.avvo.com/attorneys/1758568.html
264,https://www.avvo.com/attorneys/105234.html
265,https://www.avvo.com/attorneys/923124.html
266,https://www.avvo.com/attorneys/903547.html
267,https://www.avvo.com/attorneys/1240560.html
268,https://www.avvo.com/attorneys/1888651.html
269,https://www.avvo.com/attorneys/1258451.html
270,https://www.avvo.com/attorneys/1938082.html
271,https://www.avvo.com/attorneys/839030.html
272,https://www.avvo.com/attorneys/4068412.html
273,https://www.avvo.com/attorneys/167198.html
274,https://www.avvo.com/attorneys/171656.html
275,https://www.avvo.com/attorneys/118963.html
276,https://www.avvo.com/attorneys/330349.html
277,https://www.avvo.com/attorneys/298534.html
278,https://www.avvo.com/attorneys/1607725.html
279,https://www.avvo.com/attorneys/1843080.html
280,https://www.avvo.com/attorneys/1186861.html
281,https://www.avvo.com/attorneys/323708.html
282,https://www.avvo.com/attorneys/349251.html
283,https://www.avvo.com/attorneys/352463.html
284,https://www.avvo.com/attorneys/472410.html
285,https://www.avvo.com/attorneys/1952141.html
286,https://www.avvo.com/attorneys/270316.html
287,https://www.avvo.com/attorneys/4587640.html
288,https://www.avvo.com/attorneys/1215075.html
289,https://www.avvo.com/attorneys/374649.html
290,https://www.avvo.com/attorneys/666588.html
291,https://www.avvo.com/attorneys/4775025.html
292,https://www.avvo.com/attorneys/4843477.html
293,https://www.avvo.com/attorneys/1255400.html
294,https://www.avvo.com/attorneys/3600476.html
295,https://www.avvo.com/attorneys/153708.html
296,https://www.avvo.com/attorneys/3737554.html
297,https://www.avvo.com/attorneys/4586692.html
298,https://www.avvo.com/attorneys/38598.html
299,https://www.avvo.com/attorneys/4025088.html
300,https://www.avvo.com/attorneys/1842958.html
301,https://www.avvo.com/attorneys/1136674.html
302,https://www.avvo.com/attorneys/1463812.html
303,https://www.avvo.com/attorneys/340240.html
304,https://www.avvo.com/attorneys/3333659.html
305,https://www.avvo.com/attorneys/4713205.html
306,https://www.avvo.com/attorneys/2793192.html
307,https://www.avvo.com/attorneys/1580478.html
308,https://www.avvo.com/attorneys/4194688.html
309,https://www.avvo.com/attorneys/4804003.html
310,https://www.avvo.com/attorneys/4069731.html
311,https://www.avvo.com/attorneys/140333.html
312,https://www.avvo.com/attorneys/3343129.html
313,https://www.avvo.com/attorneys/1843025.html
314,https://www.avvo.com/attorneys/4842709.html
315,https://www.avvo.com/attorneys/1908922.html
316,https://www.avvo.com/attorneys/1054237.html
317,https://www.avvo.com/attorneys/996388.html
318,https://www.avvo.com/attorneys/4175622.html
319,https://www.avvo.com/attorneys/228274.html
320,https://www.avvo.com/attorneys/4238472.html
321,https://www.avvo.com/attorneys/385174.html
322,https://www.avvo.com/attorneys/392186.html
323,https://www.avvo.com/attorneys/1688388.html
324,https://www.avvo.com/attorneys/1911106.html
325,https://www.avvo.com/attorneys/1700422.html
326,https://www.avvo.com/attorneys/3331941.html
327,https://www.avvo.com/attorneys/1260352.html
328,https://www.avvo.com/attorneys/4587031.html
329,https://www.avvo.com/attorneys/1873085.html
330,https://www.avvo.com/attorneys/124317.html
331,https://www.avvo.com/attorneys/326149.html
332,https://www.avvo.com/attorneys/1844747.html
333,https://www.avvo.com/attorneys/4593777.html
334,https://www.avvo.com/attorneys/510670.html
335,https://www.avvo.com/attorneys/4238438.html
336,https://www.avvo.com/attorneys/916234.html
337,https://www.avvo.com/attorneys/4225717.html
338,https://www.avvo.com/attorneys/914843.html
339,https://www.avvo.com/attorneys/165963.html
340,https://www.avvo.com/attorneys/1309033.html
341,https://www.avvo.com/attorneys/336465.html
342,https://www.avvo.com/attorneys/109173.html
343,https://www.avvo.com/attorneys/857922.html
344,https://www.avvo.com/attorneys/4468894.html
345,https://www.avvo.com/attorneys/1273436.html
346,https://www.avvo.com/attorneys/275527.html
347,https://www.avvo.com/attorneys/1889482.html
348,https://www.avvo.com/attorneys/3342316.html
349,https://www.avvo.com/attorneys/523533.html
350,https://www.avvo.com/attorneys/179086.html
351,https://www.avvo.com/attorneys/249264.html
352,https://www.avvo.com/attorneys/4257803.html
353,https://www.avvo.com/attorneys/3562125.html
354,https://www.avvo.com/attorneys/29035.html
355,https://www.avvo.com/attorneys/4217546.html
356,https://www.avvo.com/attorneys/1216182.html
357,https://www.avvo.com/attorneys/732765.html
358,https://www.avvo.com/attorneys/155330.html
359,https://www.avvo.com/attorneys/301980.html
360,https://www.avvo.com/attorneys/1669268.html
361,https://www.avvo.com/attorneys/4637402.html
362,https://www.avvo.com/attorneys/184918.html
363,https://www.avvo.com/attorneys/3679482.html
364,https://www.avvo.com/attorneys/286398.html
365,https://www.avvo.com/attorneys/1215416.html
366,https://www.avvo.com/attorneys/4572520.html
367,https://www.avvo.com/attorneys/151509.html
368,https://www.avvo.com/attorneys/3334377.html
369,https://www.avvo.com/attorneys/384115.html
370,https://www.avvo.com/attorneys/378395.html
371,https://www.avvo.com/attorneys/101919.html
372,https://www.avvo.com/attorneys/4141480.html
373,https://www.avvo.com/attorneys/3335448.html
374,https://www.avvo.com/attorneys/402945.html
375,https://www.avvo.com/attorneys/4732116.html
376,https://www.avvo.com/attorneys/1753387.html
377,https://www.avvo.com/attorneys/345940.html
378,https://www.avvo.com/attorneys/1791330.html
379,https://www.avvo.com/attorneys/874906.html
380,https://www.avvo.com/attorneys/355199.html
381,https://www.avvo.com/attorneys/4498602.html
382,https://www.avvo.com/attorneys/194208.html
383,https://www.avvo.com/attorneys/4522462.html
384,https://www.avvo.com/attorneys/1889793.html
385,https://www.avvo.com/attorneys/973356.html
386,https://www.avvo.com/attorneys/358255.html
387,https://www.avvo.com/attorneys/222734.html
388,https://www.avvo.com/attorneys/4005629.html
389,https://www.avvo.com/attorneys/354016.html
390,https://www.avvo.com/attorneys/354848.html
391,https://www.avvo.com/attorneys/259237.html
392,https://www.avvo.com/attorneys/4137569.html
393,https://www.avvo.com/attorneys/4195015.html
394,https://www.avvo.com/attorneys/293623.html
395,https://www.avvo.com/attorneys/248193.html
396,https://www.avvo.com/attorneys/378581.html
397,https://www.avvo.com/attorneys/922866.html
398,https://www.avvo.com/attorneys/154018.html
399,https://www.avvo.com/attorneys/357359.html
400,https://www.avvo.com/attorneys/531941.html
401,https://www.avvo.com/attorneys/261049.html
402,https://www.avvo.com/attorneys/254651.html
403,https://www.avvo.com/attorneys/389106.html
404,https://www.avvo.com/attorneys/76267.html
405,https://www.avvo.com/attorneys/1577336.html
406,https://www.avvo.com/attorneys/94654.html
407,https://www.avvo.com/attorneys/1753845.html
408,https://www.avvo.com/attorneys/129597.html
409,https://www.avvo.com/attorneys/152281.html
410,https://www.avvo.com/attorneys/66341.html
411,https://www.avvo.com/attorneys/299611.html
412,https://www.avvo.com/attorneys/52007.html
413,https://www.avvo.com/attorneys/215938.html
414,https://www.avvo.com/attorneys/1852957.html
415,https://www.avvo.com/attorneys/3576006.html
416,https://www.avvo.com/attorneys/378751.html
417,https://www.avvo.com/attorneys/4490108.html
418,https://www.avvo.com/attorneys/1239006.html
419,https://www.avvo.com/attorneys/1259471.html
420,https://www.avvo.com/attorneys/1844530.html
421,https://www.avvo.com/attorneys/286071.html
422,https://www.avvo.com/attorneys/385520.html
423,https://www.avvo.com/attorneys/4366684.html
424,https://www.avvo.com/attorneys/712828.html
425,https://www.avvo.com/attorneys/344846.html
426,https://www.avvo.com/attorneys/351739.html
427,https://www.avvo.com/attorneys/494653.html
428,https://www.avvo.com/attorneys/1756598.html
429,https://www.avvo.com/attorneys/76377.html
430,https://www.avvo.com/attorneys/9595.html
431,https://www.avvo.com/attorneys/181188.html
432,https://www.avvo.com/attorneys/1021187.html
433,https://www.avvo.com/attorneys/3337259.html
434,https://www.avvo.com/attorneys/380700.html
435,https://www.avvo.com/attorneys/232188.html
436,https://www.avvo.com/attorneys/4320916.html
437,https://www.avvo.com/attorneys/572895.html
438,https://www.avvo.com/attorneys/337129.html
439,https://www.avvo.com/attorneys/166218.html
440,https://www.avvo.com/attorneys/4497985.html
441,https://www.avvo.com/attorneys/282085.html
442,https://www.avvo.com/attorneys/376101.html
443,https://www.avvo.com/attorneys/1220341.html
444,https://www.avvo.com/attorneys/4484323.html
445,https://www.avvo.com/attorneys/252959.html
446,https://www.avvo.com/attorneys/4458901.html
447,https://www.avvo.com/attorneys/1135749.html
448,https://www.avvo.com/attorneys/314680.html
449,https://www.avvo.com/attorneys/247942.html
450,https://www.avvo.com/attorneys/387526.html
451,https://www.avvo.com/attorneys/4461910.html
452,https://www.avvo.com/attorneys/257427.html
453,https://www.avvo.com/attorneys/280932.html
454,https://www.avvo.com/attorneys/4564185.html
455,https://www.avvo.com/attorneys/326597.html
456,https://www.avvo.com/attorneys/418283.html
457,https://www.avvo.com/attorneys/1216399.html
458,https://www.avvo.com/attorneys/1131789.html
459,https://www.avvo.com/attorneys/4384212.html
460,https://www.avvo.com/attorneys/624118.html
461,https://www.avvo.com/attorneys/340979.html
462,https://www.avvo.com/attorneys/256201.html
463,https://www.avvo.com/attorneys/382841.html
464,https://www.avvo.com/attorneys/1910139.html
465,https://www.avvo.com/attorneys/3975536.html
466,https://www.avvo.com/attorneys/95317.html
467,https://www.avvo.com/attorneys/311866.html
468,https://www.avvo.com/attorneys/345856.html
469,https://www.avvo.com/attorneys/1753465.html
470,https://www.avvo.com/attorneys/254744.html
471,https://www.avvo.com/attorneys/342183.html
472,https://www.avvo.com/attorneys/4697849.html
473,https://www.avvo.com/attorneys/3416995.html
474,https://www.avvo.com/attorneys/106383.html
475,https://www.avvo.com/attorneys/1240155.html
476,https://www.avvo.com/attorneys/202875.html
477,https://www.avvo.com/attorneys/752350.html
478,https://www.avvo.com/attorneys/388607.html
479,https://www.avvo.com/attorneys/1795891.html
480,https://www.avvo.com/attorneys/3337107.html
481,https://www.avvo.com/attorneys/1510394.html
482,https://www.avvo.com/attorneys/213805.html
483,https://www.avvo.com/attorneys/3332890.html
484,https://www.avvo.com/attorneys/1889318.html
485,https://www.avvo.com/attorneys/71085.html
486,https://www.avvo.com/attorneys/4532716.html
487,https://www.avvo.com/attorneys/285804.html
488,https://www.avvo.com/attorneys/3725168.html
489,https://www.avvo.com/attorneys/251914.html
490,https://www.avvo.com/attorneys/266233.html
491,https://www.avvo.com/attorneys/43580.html
492,https://www.avvo.com/attorneys/4239992.html
493,https://www.avvo.com/attorneys/4433119.html
494,https://www.avvo.com/attorneys/1237306.html
495,https://www.avvo.com/attorneys/4574694.html
496,https://www.avvo.com/attorneys/4564534.html
497,https://www.avvo.com/attorneys/4213609.html
498,https://www.avvo.com/attorneys/303533.html
499,https://www.avvo.com/attorneys/1386717.html
500,https://www.avvo.com/attorneys/376619.html
501,https://www.avvo.com/attorneys/208328.html
502,https://www.avvo.com/attorneys/4690496.html
503,https://www.avvo.com/attorneys/4646702.html
504,https://www.avvo.com/attorneys/1219427.html
505,https://www.avvo.com/attorneys/48644.html
506,https://www.avvo.com/attorneys/356086.html
507,https://www.avvo.com/attorneys/1393525.html
508,https://www.avvo.com/attorneys/4287307.html
509,https://www.avvo.com/attorneys/278609.html
510,https://www.avvo.com/attorneys/1275620.html
511,https://www.avvo.com/attorneys/1399204.html
512,https://www.avvo.com/attorneys/975928.html
513,https://www.avvo.com/attorneys/372287.html
514,https://www.avvo.com/attorneys/236543.html
515,https://www.avvo.com/attorneys/4645508.html
516,https://www.avvo.com/attorneys/340043.html
517,https://www.avvo.com/attorneys/4010397.html
518,https://www.avvo.com/attorneys/360960.html
519,https://www.avvo.com/attorneys/266894.html
520,https://www.avvo.com/attorneys/317155.html
521,https://www.avvo.com/attorneys/2793783.html
522,https://www.avvo.com/attorneys/358532.html
523,https://www.avvo.com/attorneys/110240.html
524,https://www.avvo.com/attorneys/963476.html
525,https://www.avvo.com/attorneys/283212.html
526,https://www.avvo.com/attorneys/985414.html
527,https://www.avvo.com/attorneys/141627.html
528,https://www.avvo.com/attorneys/4140793.html
529,https://www.avvo.com/attorneys/4462222.html
530,https://www.avvo.com/attorneys/4521535.html
531,https://www.avvo.com/attorneys/1847645.html
532,https://www.avvo.com/attorneys/50629.html
533,https://www.avvo.com/attorneys/3599.html
534,https://www.avvo.com/attorneys/375636.html
535,https://www.avvo.com/attorneys/262650.html
536,https://www.avvo.com/attorneys/1475246.html
537,https://www.avvo.com/attorneys/1784775.html
538,https://www.avvo.com/attorneys/728394.html
539,https://www.avvo.com/attorneys/1209374.html
540,https://www.avvo.com/attorneys/1274066.html
541,https://www.avvo.com/attorneys/3416273.html
542,https://www.avvo.com/attorneys/1571272.html
543,https://www.avvo.com/attorneys/3717927.html
544,https://www.avvo.com/attorneys/4685141.html
545,https://www.avvo.com/attorneys/469708.html
546,https://www.avvo.com/attorneys/901647.html
547,https://www.avvo.com/attorneys/1565702.html
548,https://www.avvo.com/attorneys/360097.html
549,https://www.avvo.com/attorneys/79028.html
550,https://www.avvo.com/attorneys/74910.html
551,https://www.avvo.com/attorneys/4500867.html
552,https://www.avvo.com/attorneys/4562340.html
553,https://www.avvo.com/attorneys/1236142.html
554,https://www.avvo.com/attorneys/4647069.html
555,https://www.avvo.com/attorneys/4584985.html
556,https://www.avvo.com/attorneys/732059.html
557,https://www.avvo.com/attorneys/1865428.html
558,https://www.avvo.com/attorneys/1001535.html
559,https://www.avvo.com/attorneys/1556911.html
560,https://www.avvo.com/attorneys/4404369.html
561,https://www.avvo.com/attorneys/325478.html
562,https://www.avvo.com/attorneys/1752786.html
563,https://www.avvo.com/attorneys/3408831.html
564,https://www.avvo.com/attorneys/260966.html
565,https://www.avvo.com/attorneys/264635.html
566,https://www.avvo.com/attorneys/46637.html
567,https://www.avvo.com/attorneys/1201842.html
568,https://www.avvo.com/attorneys/4572213.html
569,https://www.avvo.com/attorneys/366001.html
570,https://www.avvo.com/attorneys/4025597.html
571,https://www.avvo.com/attorneys/306082.html
572,https://www.avvo.com/attorneys/359955.html
573,https://www.avvo.com/attorneys/4675552.html
574,https://www.avvo.com/attorneys/1216024.html
575,https://www.avvo.com/attorneys/51694.html
576,https://www.avvo.com/attorneys/4543875.html
577,https://www.avvo.com/attorneys/4522673.html
578,https://www.avvo.com/attorneys/924235.html
579,https://www.avvo.com/attorneys/180365.html
580,https://www.avvo.com/attorneys/377049.html
581,https://www.avvo.com/attorneys/127854.html
582,https://www.avvo.com/attorneys/362468.html
583,https://www.avvo.com/attorneys/304944.html
584,https://www.avvo.com/attorneys/253746.html
585,https://www.avvo.com/attorneys/3409338.html
586,https://www.avvo.com/attorneys/70936.html
587,https://www.avvo.com/attorneys/69583.html
588,https://www.avvo.com/attorneys/258752.html
589,https://www.avvo.com/attorneys/3562199.html
590,https://www.avvo.com/attorneys/1029478.html
591,https://www.avvo.com/attorneys/3411409.html
592,https://www.avvo.com/attorneys/1744967.html
593,https://www.avvo.com/attorneys/3332921.html
594,https://www.avvo.com/attorneys/3412009.html
595,https://www.avvo.com/attorneys/1148296.html
596,https://www.avvo.com/attorneys/29171.html
597,https://www.avvo.com/attorneys/17195.html
598,https://www.avvo.com/attorneys/1587664.html
599,https://www.avvo.com/attorneys/1950976.html
600,https://www.avvo.com/attorneys/298595.html
601,https://www.avvo.com/attorneys/1732917.html
602,https://www.avvo.com/attorneys/3334554.html
603,https://www.avvo.com/attorneys/1220332.html
604,https://www.avvo.com/attorneys/246278.html
605,https://www.avvo.com/attorneys/4564515.html
606,https://www.avvo.com/attorneys/3343512.html
607,https://www.avvo.com/attorneys/1901428.html
608,https://www.avvo.com/attorneys/4631825.html
609,https://www.avvo.com/attorneys/1802896.html
610,https://www.avvo.com/attorneys/270155.html
611,https://www.avvo.com/attorneys/306519.html
612,https://www.avvo.com/attorneys/1785256.html
613,https://www.avvo.com/attorneys/239301.html
614,https://www.avvo.com/attorneys/284209.html
615,https://www.avvo.com/attorneys/100272.html
616,https://www.avvo.com/attorneys/4239773.html
617,https://www.avvo.com/attorneys/239104.html
618,https://www.avvo.com/attorneys/1273870.html
619,https://www.avvo.com/attorneys/344504.html
620,https://www.avvo.com/attorneys/144166.html
621,https://www.avvo.com/attorneys/58594.html
622,https://www.avvo.com/attorneys/1258480.html
623,https://www.avvo.com/attorneys/1313206.html
624,https://www.avvo.com/attorneys/346029.html
625,https://www.avvo.com/attorneys/2925512.html
626,https://www.avvo.com/attorneys/48875.html
627,https://www.avvo.com/attorneys/39780.html
628,https://www.avvo.com/attorneys/337651.html
629,https://www.avvo.com/attorneys/244334.html
630,https://www.avvo.com/attorneys/87541.html
631,https://www.avvo.com/attorneys/1954157.html
632,https://www.avvo.com/attorneys/3405796.html
633,https://www.avvo.com/attorneys/252145.html
634,https://www.avvo.com/attorneys/1233624.html
635,https://www.avvo.com/attorneys/1081521.html
636,https://www.avvo.com/attorneys/4616554.html
637,https://www.avvo.com/attorneys/4587093.html
638,https://www.avvo.com/attorneys/368211.html
639,https://www.avvo.com/attorneys/4583637.html
640,https://www.avvo.com/attorneys/385292.html
641,https://www.avvo.com/attorneys/4098633.html
642,https://www.avvo.com/attorneys/1954837.html
643,https://www.avvo.com/attorneys/4667234.html
644,https://www.avvo.com/attorneys/3560907.html
645,https://www.avvo.com/attorneys/1676360.html
646,https://www.avvo.com/attorneys/624864.html
647,https://www.avvo.com/attorneys/1000912.html
648,https://www.avvo.com/attorneys/571561.html
649,https://www.avvo.com/attorneys/261509.html
650,https://www.avvo.com/attorneys/183876.html
651,https://www.avvo.com/attorneys/52632.html
652,https://www.avvo.com/attorneys/61263.html
653,https://www.avvo.com/attorneys/4025083.html
654,https://www.avvo.com/attorneys/3409830.html
655,https://www.avvo.com/attorneys/1216826.html
656,https://www.avvo.com/attorneys/243529.html
657,https://www.avvo.com/attorneys/1904836.html
658,https://www.avvo.com/attorneys/372675.html
659,https://www.avvo.com/attorneys/1730898.html
660,https://www.avvo.com/attorneys/264338.html
661,https://www.avvo.com/attorneys/318811.html
662,https://www.avvo.com/attorneys/122422.html
663,https://www.avvo.com/attorneys/3333458.html
664,https://www.avvo.com/attorneys/4630691.html
665,https://www.avvo.com/attorneys/4646548.html
666,https://www.avvo.com/attorneys/338539.html
667,https://www.avvo.com/attorneys/55405.html
668,https://www.avvo.com/attorneys/4579979.html
669,https://www.avvo.com/attorneys/22592.html
670,https://www.avvo.com/attorneys/1940728.html
671,https://www.avvo.com/attorneys/1951797.html
672,https://www.avvo.com/attorneys/23546.html
673,https://www.avvo.com/attorneys/1499555.html
674,https://www.avvo.com/attorneys/55360.html
675,https://www.avvo.com/attorneys/129270.html
676,https://www.avvo.com/attorneys/368669.html
677,https://www.avvo.com/attorneys/255615.html
678,https://www.avvo.com/attorneys/285467.html
679,https://www.avvo.com/attorneys/863270.html
680,https://www.avvo.com/attorneys/318504.html
681,https://www.avvo.com/attorneys/1236976.html
682,https://www.avvo.com/attorneys/1761104.html
683,https://www.avvo.com/attorneys/338009.html
684,https://www.avvo.com/attorneys/4216658.html
685,https://www.avvo.com/attorneys/218499.html
686,https://www.avvo.com/attorneys/2925528.html
687,https://www.avvo.com/attorneys/243508.html
688,https://www.avvo.com/attorneys/557170.html
689,https://www.avvo.com/attorneys/385297.html
690,https://www.avvo.com/attorneys/990506.html
691,https://www.avvo.com/attorneys/4640742.html
692,https://www.avvo.com/attorneys/316303.html
693,https://www.avvo.com/attorneys/254566.html
694,https://www.avvo.com/attorneys/2925801.html
695,https://www.avvo.com/attorneys/1775523.html
696,https://www.avvo.com/attorneys/1953637.html
697,https://www.avvo.com/attorneys/202982.html
698,https://www.avvo.com/attorneys/300049.html
699,https://www.avvo.com/attorneys/356771.html
700,https://www.avvo.com/attorneys/347867.html
701,https://www.avvo.com/attorneys/3319400.html
702,https://www.avvo.com/attorneys/882846.html
703,https://www.avvo.com/attorneys/266712.html
704,https://www.avvo.com/attorneys/4522929.html
705,https://www.avvo.com/attorneys/562854.html
706,https://www.avvo.com/attorneys/3343773.html
707,https://www.avvo.com/attorneys/386101.html
708,https://www.avvo.com/attorneys/264618.html
709,https://www.avvo.com/attorneys/1215359.html
710,https://www.avvo.com/attorneys/1215023.html
711,https://www.avvo.com/attorneys/377345.html
712,https://www.avvo.com/attorneys/1287318.html
713,https://www.avvo.com/attorneys/324484.html
714,https://www.avvo.com/attorneys/1361667.html
715,https://www.avvo.com/attorneys/1950022.html
716,https://www.avvo.com/attorneys/4497745.html
717,https://www.avvo.com/attorneys/1719160.html
718,https://www.avvo.com/attorneys/301024.html
719,https://www.avvo.com/attorneys/548809.html
720,https://www.avvo.com/attorneys/996690.html
721,https://www.avvo.com/attorneys/305945.html
722,https://www.avvo.com/attorneys/4514474.html
723,https://www.avvo.com/attorneys/139839.html
724,https://www.avvo.com/attorneys/4586326.html
725,https://www.avvo.com/attorneys/1913875.html
726,https://www.avvo.com/attorneys/328061.html
727,https://www.avvo.com/attorneys/236838.html
728,https://www.avvo.com/attorneys/351521.html
729,https://www.avvo.com/attorneys/75190.html
730,https://www.avvo.com/attorneys/4302490.html
731,https://www.avvo.com/attorneys/3737903.html
732,https://www.avvo.com/attorneys/3737218.html
733,https://www.avvo.com/attorneys/3341606.html
734,https://www.avvo.com/attorneys/299857.html
735,https://www.avvo.com/attorneys/1954313.html
736,https://www.avvo.com/attorneys/1357788.html
737,https://www.avvo.com/attorneys/247959.html
738,https://www.avvo.com/attorneys/1951224.html
739,https://www.avvo.com/attorneys/87218.html
740,https://www.avvo.com/attorneys/262391.html
741,https://www.avvo.com/attorneys/4567590.html
742,https://www.avvo.com/attorneys/1949675.html
743,https://www.avvo.com/attorneys/512305.html
744,https://www.avvo.com/attorneys/1955254.html
745,https://www.avvo.com/attorneys/4217636.html
746,https://www.avvo.com/attorneys/3335293.html
747,https://www.avvo.com/attorneys/247592.html
748,https://www.avvo.com/attorneys/37850.html
749,https://www.avvo.com/attorneys/3343112.html
750,https://www.avvo.com/attorneys/1570131.html
751,https://www.avvo.com/attorneys/1907581.html
752,https://www.avvo.com/attorneys/1586198.html
753,https://www.avvo.com/attorneys/4553290.html
754,https://www.avvo.com/attorneys/326436.html
755,https://www.avvo.com/attorneys/251732.html
756,https://www.avvo.com/attorneys/3738052.html
757,https://www.avvo.com/attorneys/4238207.html
758,https://www.avvo.com/attorneys/238998.html
759,https://www.avvo.com/attorneys/98766.html
760,https://www.avvo.com/attorneys/256699.html
761,https://www.avvo.com/attorneys/380081.html
762,https://www.avvo.com/attorneys/3343729.html
763,https://www.avvo.com/attorneys/1951238.html
764,https://www.avvo.com/attorneys/3719591.html
765,https://www.avvo.com/attorneys/1800090.html
766,https://www.avvo.com/attorneys/1953460.html
767,https://www.avvo.com/attorneys/1219780.html
768,https://www.avvo.com/attorneys/1220913.html
769,https://www.avvo.com/attorneys/1719664.html
770,https://www.avvo.com/attorneys/4631725.html
771,https://www.avvo.com/attorneys/4562638.html
772,https://www.avvo.com/attorneys/177653.html
773,https://www.avvo.com/attorneys/1610803.html
774,https://www.avvo.com/attorneys/1447915.html
775,https://www.avvo.com/attorneys/4006506.html
776,https://www.avvo.com/attorneys/305619.html
777,https://www.avvo.com/attorneys/1435108.html
778,https://www.avvo.com/attorneys/110205.html
779,https://www.avvo.com/attorneys/4553383.html
780,https://www.avvo.com/attorneys/158878.html
781,https://www.avvo.com/attorneys/1339568.html
782,https://www.avvo.com/attorneys/91960.html
783,https://www.avvo.com/attorneys/572760.html
784,https://www.avvo.com/attorneys/289817.html
785,https://www.avvo.com/attorneys/352333.html
786,https://www.avvo.com/attorneys/264107.html
787,https://www.avvo.com/attorneys/4498223.html
788,https://www.avvo.com/attorneys/307356.html
789,https://www.avvo.com/attorneys/4575205.html
790,https://www.avvo.com/attorneys/4489768.html
791,https://www.avvo.com/attorneys/1355296.html
792,https://www.avvo.com/attorneys/4070715.html
793,https://www.avvo.com/attorneys/1587556.html
794,https://www.avvo.com/attorneys/343944.html
795,https://www.avvo.com/attorneys/1792339.html
796,https://www.avvo.com/attorneys/3627628.html
797,https://www.avvo.com/attorneys/198216.html
798,https://www.avvo.com/attorneys/1416086.html
799,https://www.avvo.com/attorneys/141835.html
800,https://www.avvo.com/attorneys/1645822.html
801,https://www.avvo.com/attorneys/1598078.html
802,https://www.avvo.com/attorneys/4257754.html
803,https://www.avvo.com/attorneys/129978.html
804,https://www.avvo.com/attorneys/116706.html
805,https://www.avvo.com/attorneys/1878255.html
806,https://www.avvo.com/attorneys/4218362.html
807,https://www.avvo.com/attorneys/406742.html
808,https://www.avvo.com/attorneys/1782678.html
809,https://www.avvo.com/attorneys/1718078.html
810,https://www.avvo.com/attorneys/279908.html
811,https://www.avvo.com/attorneys/215547.html
812,https://www.avvo.com/attorneys/236746.html
813,https://www.avvo.com/attorneys/4073045.html
814,https://www.avvo.com/attorneys/3720641.html
815,https://www.avvo.com/attorneys/254208.html
816,https://www.avvo.com/attorneys/225728.html
817,https://www.avvo.com/attorneys/536924.html
818,https://www.avvo.com/attorneys/268398.html
819,https://www.avvo.com/attorneys/1752824.html
820,https://www.avvo.com/attorneys/9827.html
821,https://www.avvo.com/attorneys/1853483.html
822,https://www.avvo.com/attorneys/4299449.html
823,https://www.avvo.com/attorneys/4576492.html
824,https://www.avvo.com/attorneys/1764312.html
825,https://www.avvo.com/attorneys/4571695.html
826,https://www.avvo.com/attorneys/398628.html
827,https://www.avvo.com/attorneys/183544.html
828,https://www.avvo.com/attorneys/315331.html
829,https://www.avvo.com/attorneys/4563823.html
830,https://www.avvo.com/attorneys/1951436.html
831,https://www.avvo.com/attorneys/1016841.html
832,https://www.avvo.com/attorneys/175446.html
833,https://www.avvo.com/attorneys/3797121.html
834,https://www.avvo.com/attorneys/1414056.html
835,https://www.avvo.com/attorneys/4308504.html
836,https://www.avvo.com/attorneys/4408490.html
837,https://www.avvo.com/attorneys/1910311.html
838,https://www.avvo.com/attorneys/1909425.html
839,https://www.avvo.com/attorneys/3337470.html
840,https://www.avvo.com/attorneys/1843755.html
841,https://www.avvo.com/attorneys/1909406.html
842,https://www.avvo.com/attorneys/4068888.html
843,https://www.avvo.com/attorneys/3738498.html
844,https://www.avvo.com/attorneys/265475.html
845,https://www.avvo.com/attorneys/1797238.html
846,https://www.avvo.com/attorneys/265038.html
847,https://www.avvo.com/attorneys/217046.html
848,https://www.avvo.com/attorneys/247630.html
849,https://www.avvo.com/attorneys/354224.html
850,https://www.avvo.com/attorneys/1493589.html
851,https://www.avvo.com/attorneys/4073179.html
852,https://www.avvo.com/attorneys/3736210.html
853,https://www.avvo.com/attorneys/3409911.html
854,https://www.avvo.com/attorneys/4079776.html
855,https://www.avvo.com/attorneys/211301.html
856,https://www.avvo.com/attorneys/4088121.html
857,https://www.avvo.com/attorneys/331910.html
858,https://www.avvo.com/attorneys/105146.html
859,https://www.avvo.com/attorneys/931761.html
860,https://www.avvo.com/attorneys/339694.html
861,https://www.avvo.com/attorneys/1952077.html
862,https://www.avvo.com/attorneys/4239314.html
863,https://www.avvo.com/attorneys/279981.html
864,https://www.avvo.com/attorneys/1243588.html
865,https://www.avvo.com/attorneys/260007.html
866,https://www.avvo.com/attorneys/1714270.html
867,https://www.avvo.com/attorneys/2793870.html
868,https://www.avvo.com/attorneys/1758238.html
869,https://www.avvo.com/attorneys/1465830.html
870,https://www.avvo.com/attorneys/4563141.html
871,https://www.avvo.com/attorneys/4025238.html
872,https://www.avvo.com/attorneys/84438.html
873,https://www.avvo.com/attorneys/3975596.html
874,https://www.avvo.com/attorneys/732403.html
875,https://www.avvo.com/attorneys/1215238.html
876,https://www.avvo.com/attorneys/304862.html
877,https://www.avvo.com/attorneys/3975705.html
878,https://www.avvo.com/attorneys/942246.html
879,https://www.avvo.com/attorneys/1794083.html
880,https://www.avvo.com/attorneys/980340.html
881,https://www.avvo.com/attorneys/1373931.html
882,https://www.avvo.com/attorneys/4232376.html
883,https://www.avvo.com/attorneys/1395813.html
884,https://www.avvo.com/attorneys/261730.html
885,https://www.avvo.com/attorneys/249790.html
886,https://www.avvo.com/attorneys/4072338.html
887,https://www.avvo.com/attorneys/387644.html
888,https://www.avvo.com/attorneys/378488.html
889,https://www.avvo.com/attorneys/49188.html
890,https://www.avvo.com/attorneys/378091.html
891,https://www.avvo.com/attorneys/4240505.html
892,https://www.avvo.com/attorneys/395778.html
893,https://www.avvo.com/attorneys/968801.html
894,https://www.avvo.com/attorneys/25011.html
895,https://www.avvo.com/attorneys/335819.html
896,https://www.avvo.com/attorneys/3334191.html
897,https://www.avvo.com/attorneys/3738295.html
898,https://www.avvo.com/attorneys/4576176.html
899,https://www.avvo.com/attorneys/1258488.html
900,https://www.avvo.com/attorneys/4067844.html
901,https://www.avvo.com/attorneys/1411710.html
902,https://www.avvo.com/attorneys/2926311.html
903,https://www.avvo.com/attorneys/3334430.html
904,https://www.avvo.com/attorneys/72767.html
905,https://www.avvo.com/attorneys/240245.html
906,https://www.avvo.com/attorneys/335453.html
907,https://www.avvo.com/attorneys/765998.html
908,https://www.avvo.com/attorneys/357715.html
909,https://www.avvo.com/attorneys/1336886.html
910,https://www.avvo.com/attorneys/375654.html
911,https://www.avvo.com/attorneys/4570543.html
912,https://www.avvo.com/attorneys/365328.html
913,https://www.avvo.com/attorneys/246052.html
914,https://www.avvo.com/attorneys/66768.html
915,https://www.avvo.com/attorneys/37852.html
916,https://www.avvo.com/attorneys/1219941.html
917,https://www.avvo.com/attorneys/296834.html
918,https://www.avvo.com/attorneys/156550.html
919,https://www.avvo.com/attorneys/1746134.html
920,https://www.avvo.com/attorneys/4490917.html
921,https://www.avvo.com/attorneys/117926.html
922,https://www.avvo.com/attorneys/4503514.html
923,https://www.avvo.com/attorneys/2925455.html
924,https://www.avvo.com/attorneys/4260074.html
925,https://www.avvo.com/attorneys/1517164.html
926,https://www.avvo.com/attorneys/4462761.html
927,https://www.avvo.com/attorneys/1816180.html
928,https://www.avvo.com/attorneys/1910556.html
929,https://www.avvo.com/attorneys/373499.html
930,https://www.avvo.com/attorneys/1127240.html
931,https://www.avvo.com/attorneys/4503710.html
932,https://www.avvo.com/attorneys/385008.html
933,https://www.avvo.com/attorneys/3414547.html
934,https://www.avvo.com/attorneys/3738433.html
935,https://www.avvo.com/attorneys/1624139.html
936,https://www.avvo.com/attorneys/251775.html
937,https://www.avvo.com/attorneys/4562572.html
938,https://www.avvo.com/attorneys/851915.html
939,https://www.avvo.com/attorneys/596116.html
940,https://www.avvo.com/attorneys/105669.html
941,https://www.avvo.com/attorneys/1842961.html
942,https://www.avvo.com/attorneys/635915.html
943,https://www.avvo.com/attorneys/43952.html
944,https://www.avvo.com/attorneys/1552767.html
945,https://www.avvo.com/attorneys/40927.html
946,https://www.avvo.com/attorneys/1441369.html
947,https://www.avvo.com/attorneys/192776.html
948,https://www.avvo.com/attorneys/19851.html
949,https://www.avvo.com/attorneys/449835.html
950,https://www.avvo.com/attorneys/163682.html
951,https://www.avvo.com/attorneys/4564358.html
952,https://www.avvo.com/attorneys/4516026.html
953,https://www.avvo.com/attorneys/1578381.html
954,https://www.avvo.com/attorneys/4141686.html
955,https://www.avvo.com/attorneys/1218392.html
956,https://www.avvo.com/attorneys/1352627.html
957,https://www.avvo.com/attorneys/262524.html
958,https://www.avvo.com/attorneys/338593.html
959,https://www.avvo.com/attorneys/4218917.html
960,https://www.avvo.com/attorneys/4564911.html
961,https://www.avvo.com/attorneys/45375.html
962,https://www.avvo.com/attorneys/4550140.html
963,https://www.avvo.com/attorneys/3563708.html
964,https://www.avvo.com/attorneys/44093.html
965,https://www.avvo.com/attorneys/369448.html
966,https://www.avvo.com/attorneys/4278229.html
967,https://www.avvo.com/attorneys/4239323.html
968,https://www.avvo.com/attorneys/48518.html
969,https://www.avvo.com/attorneys/1668032.html
970,https://www.avvo.com/attorneys/748991.html
971,https://www.avvo.com/attorneys/4240657.html
972,https://www.avvo.com/attorneys/4178712.html
973,https://www.avvo.com/attorneys/985397.html
974,https://www.avvo.com/attorneys/4295800.html
975,https://www.avvo.com/attorneys/1123427.html
976,https://www.avvo.com/attorneys/4427241.html
977,https://www.avvo.com/attorneys/4098278.html
978,https://www.avvo.com/attorneys/1603393.html
979,https://www.avvo.com/attorneys/1441431.html
980,https://www.avvo.com/attorneys/132938.html
981,https://www.avvo.com/attorneys/319840.html
982,https://www.avvo.com/attorneys/4288553.html
983,https://www.avvo.com/attorneys/173456.html
984,https://www.avvo.com/attorneys/377155.html
985,https://www.avvo.com/attorneys/2805630.html
986,https://www.avvo.com/attorneys/346852.html
987,https://www.avvo.com/attorneys/4311953.html
988,https://www.avvo.com/attorneys/187366.html
989,https://www.avvo.com/attorneys/1758467.html
990,https://www.avvo.com/attorneys/1388792.html
991,https://www.avvo.com/attorneys/135522.html
992,https://www.avvo.com/attorneys/531407.html
993,https://www.avvo.com/attorneys/1717559.html
994,https://www.avvo.com/attorneys/3343043.html
995,https://www.avvo.com/attorneys/4238862.html
996,https://www.avvo.com/attorneys/326330.html
997,https://www.avvo.com/attorneys/4089587.html
998,https://www.avvo.com/attorneys/684048.html
999,https://www.avvo.com/attorneys/980862.html
1000,https://www.avvo.com/attorneys/3679472.html
1001,https://www.avvo.com/attorneys/115698.html
1002,https://www.avvo.com/attorneys/1219345.html
1003,https://www.avvo.com/attorneys/322016.html
1004,https://www.avvo.com/attorneys/88727.html
1005,https://www.avvo.com/attorneys/1909548.html
1006,https://www.avvo.com/attorneys/4239754.html
1007,https://www.avvo.com/attorneys/3738172.html
1008,https://www.avvo.com/attorneys/1463524.html
1009,https://www.avvo.com/attorneys/4145448.html
1010,https://www.avvo.com/attorneys/159137.html
1011,https://www.avvo.com/attorneys/4486043.html
1012,https://www.avvo.com/attorneys/231032.html
1013,https://www.avvo.com/attorneys/4257429.html
1014,https://www.avvo.com/attorneys/361202.html
1015,https://www.avvo.com/attorneys/236316.html
1016,https://www.avvo.com/attorneys/1262654.html
1017,https://www.avvo.com/attorneys/175601.html
1018,https://www.avvo.com/attorneys/44569.html
1019,https://www.avvo.com/attorneys/238059.html
1020,https://www.avvo.com/attorneys/359614.html
1021,https://www.avvo.com/attorneys/1259948.html
1022,https://www.avvo.com/attorneys/318561.html
1023,https://www.avvo.com/attorneys/868888.html
1024,https://www.avvo.com/attorneys/272638.html
1025,https://www.avvo.com/attorneys/1759031.html
1026,https://www.avvo.com/attorneys/572821.html
1027,https://www.avvo.com/attorneys/3343227.html
1028,https://www.avvo.com/attorneys/3559486.html
1029,https://www.avvo.com/attorneys/1910952.html
1030,https://www.avvo.com/attorneys/1755861.html
1031,https://www.avvo.com/attorneys/174588.html
1032,https://www.avvo.com/attorneys/80964.html
1033,https://www.avvo.com/attorneys/511127.html
1034,https://www.avvo.com/attorneys/3333964.html
1035,https://www.avvo.com/attorneys/4229462.html
1036,https://www.avvo.com/attorneys/1951284.html
1037,https://www.avvo.com/attorneys/266170.html
1038,https://www.avvo.com/attorneys/49283.html
1039,https://www.avvo.com/attorneys/353970.html
1040,https://www.avvo.com/attorneys/1902136.html
1041,https://www.avvo.com/attorneys/343130.html
1042,https://www.avvo.com/attorneys/239304.html
1043,https://www.avvo.com/attorneys/285119.html
1044,https://www.avvo.com/attorneys/4517594.html
1045,https://www.avvo.com/attorneys/1202365.html
1046,https://www.avvo.com/attorneys/1905444.html
1047,https://www.avvo.com/attorneys/434517.html
1048,https://www.avvo.com/attorneys/932666.html
1049,https://www.avvo.com/attorneys/1394088.html
1050,https://www.avvo.com/attorneys/196454.html
1051,https://www.avvo.com/attorneys/215326.html
1052,https://www.avvo.com/attorneys/2925910.html
1053,https://www.avvo.com/attorneys/4229626.html
1054,https://www.avvo.com/attorneys/351872.html
1055,https://www.avvo.com/attorneys/304621.html
1056,https://www.avvo.com/attorneys/199407.html
1057,https://www.avvo.com/attorneys/1281530.html
1058,https://www.avvo.com/attorneys/1467214.html
1059,https://www.avvo.com/attorneys/202008.html
1060,https://www.avvo.com/attorneys/541861.html
1061,https://www.avvo.com/attorneys/1075139.html
1062,https://www.avvo.com/attorneys/64777.html
1063,https://www.avvo.com/attorneys/294257.html
1064,https://www.avvo.com/attorneys/268458.html
1065,https://www.avvo.com/attorneys/271332.html
1066,https://www.avvo.com/attorneys/358555.html
1067,https://www.avvo.com/attorneys/51551.html
1068,https://www.avvo.com/attorneys/3416074.html
1069,https://www.avvo.com/attorneys/1492961.html
1070,https://www.avvo.com/attorneys/984025.html
1071,https://www.avvo.com/attorneys/693547.html
1072,https://www.avvo.com/attorneys/739163.html
1073,https://www.avvo.com/attorneys/398156.html
1074,https://www.avvo.com/attorneys/4400024.html
1075,https://www.avvo.com/attorneys/4422371.html
1076,https://www.avvo.com/attorneys/1216040.html
1077,https://www.avvo.com/attorneys/154753.html
1078,https://www.avvo.com/attorneys/218134.html
1079,https://www.avvo.com/attorneys/154410.html
1080,https://www.avvo.com/attorneys/1409343.html
1081,https://www.avvo.com/attorneys/4071170.html
1082,https://www.avvo.com/attorneys/91626.html
1083,https://www.avvo.com/attorneys/159944.html
1084,https://www.avvo.com/attorneys/1728341.html
1085,https://www.avvo.com/attorneys/344866.html
1086,https://www.avvo.com/attorneys/1760069.html
1087,https://www.avvo.com/attorneys/142196.html
1088,https://www.avvo.com/attorneys/4427232.html
1089,https://www.avvo.com/attorneys/46152.html
1090,https://www.avvo.com/attorneys/127769.html
1091,https://www.avvo.com/attorneys/1269075.html
1092,https://www.avvo.com/attorneys/4236377.html
1093,https://www.avvo.com/attorneys/112854.html
1094,https://www.avvo.com/attorneys/3736882.html
1095,https://www.avvo.com/attorneys/1907879.html
1096,https://www.avvo.com/attorneys/4467328.html
1097,https://www.avvo.com/attorneys/1580716.html
1098,https://www.avvo.com/attorneys/743417.html
1099,https://www.avvo.com/attorneys/344014.html
1100,https://www.avvo.com/attorneys/246338.html
1101,https://www.avvo.com/attorneys/3409644.html
1102,https://www.avvo.com/attorneys/375855.html
1103,https://www.avvo.com/attorneys/1466487.html
1104,https://www.avvo.com/attorneys/230780.html
1105,https://www.avvo.com/attorneys/1410361.html
1106,https://www.avvo.com/attorneys/1910417.html
1107,https://www.avvo.com/attorneys/3411119.html
1108,https://www.avvo.com/attorneys/1218915.html
1109,https://www.avvo.com/attorneys/228085.html
1110,https://www.avvo.com/attorneys/293175.html
1111,https://www.avvo.com/attorneys/1934601.html
1112,https://www.avvo.com/attorneys/3334315.html
1113,https://www.avvo.com/attorneys/4249418.html
1114,https://www.avvo.com/attorneys/1505151.html
1115,https://www.avvo.com/attorneys/256076.html
1116,https://www.avvo.com/attorneys/299365.html
1117,https://www.avvo.com/attorneys/4075518.html
1118,https://www.avvo.com/attorneys/260088.html
1119,https://www.avvo.com/attorneys/1907420.html
1120,https://www.avvo.com/attorneys/1905337.html
1121,https://www.avvo.com/attorneys/257954.html
1122,https://www.avvo.com/attorneys/531105.html
1123,https://www.avvo.com/attorneys/3416446.html
1124,https://www.avvo.com/attorneys/4070285.html
1125,https://www.avvo.com/attorneys/3343668.html
1126,https://www.avvo.com/attorneys/301543.html
1127,https://www.avvo.com/attorneys/285958.html
1128,https://www.avvo.com/attorneys/29094.html
1129,https://www.avvo.com/attorneys/4218700.html
1130,https://www.avvo.com/attorneys/278613.html
1131,https://www.avvo.com/attorneys/308826.html
1132,https://www.avvo.com/attorneys/693642.html
1133,https://www.avvo.com/attorneys/1224635.html
1134,https://www.avvo.com/attorneys/256298.html
1135,https://www.avvo.com/attorneys/1758149.html
1136,https://www.avvo.com/attorneys/1217949.html
1137,https://www.avvo.com/attorneys/272781.html
1138,https://www.avvo.com/attorneys/522646.html
1139,https://www.avvo.com/attorneys/1953607.html
1140,https://www.avvo.com/attorneys/3334928.html
1141,https://www.avvo.com/attorneys/609222.html
1142,https://www.avvo.com/attorneys/754354.html
1143,https://www.avvo.com/attorneys/1843142.html
1144,https://www.avvo.com/attorneys/354730.html
1145,https://www.avvo.com/attorneys/370581.html
1146,https://www.avvo.com/attorneys/66054.html
1147,https://www.avvo.com/attorneys/411656.html
1148,https://www.avvo.com/attorneys/477849.html
1149,https://www.avvo.com/attorneys/3413736.html
1150,https://www.avvo.com/attorneys/158849.html
1151,https://www.avvo.com/attorneys/1909774.html
1152,https://www.avvo.com/attorneys/255596.html
1153,https://www.avvo.com/attorneys/1755563.html
1154,https://www.avvo.com/attorneys/246803.html
1155,https://www.avvo.com/attorneys/865141.html
1156,https://www.avvo.com/attorneys/1588556.html
1157,https://www.avvo.com/attorneys/4425755.html
1158,https://www.avvo.com/attorneys/1248534.html
1159,https://www.avvo.com/attorneys/354349.html
1160,https://www.avvo.com/attorneys/1533229.html
1161,https://www.avvo.com/attorneys/970081.html
1162,https://www.avvo.com/attorneys/3335253.html
1163,https://www.avvo.com/attorneys/2009935.html
1164,https://www.avvo.com/attorneys/498273.html
1165,https://www.avvo.com/attorneys/1128335.html
1166,https://www.avvo.com/attorneys/297414.html
1167,https://www.avvo.com/attorneys/4218371.html
1168,https://www.avvo.com/attorneys/4346641.html
1169,https://www.avvo.com/attorneys/40572.html
1170,https://www.avvo.com/attorneys/456244.html
1171,https://www.avvo.com/attorneys/1908722.html
1172,https://www.avvo.com/attorneys/180507.html
1173,https://www.avvo.com/attorneys/1278386.html
1174,https://www.avvo.com/attorneys/1908864.html
1175,https://www.avvo.com/attorneys/757205.html
1176,https://www.avvo.com/attorneys/163640.html
1177,https://www.avvo.com/attorneys/421966.html
1178,https://www.avvo.com/attorneys/1753613.html
1179,https://www.avvo.com/attorneys/182238.html
1180,https://www.avvo.com/attorneys/254367.html
1181,https://www.avvo.com/attorneys/1755088.html
1182,https://www.avvo.com/attorneys/462631.html
1183,https://www.avvo.com/attorneys/1381182.html
1184,https://www.avvo.com/attorneys/604453.html
1185,https://www.avvo.com/attorneys/190989.html
1186,https://www.avvo.com/attorneys/1953892.html
1187,https://www.avvo.com/attorneys/1898977.html
1188,https://www.avvo.com/attorneys/420547.html
1189,https://www.avvo.com/attorneys/4240518.html
1190,https://www.avvo.com/attorneys/547437.html
1191,https://www.avvo.com/attorneys/1595742.html
1192,https://www.avvo.com/attorneys/4257809.html
1193,https://www.avvo.com/attorneys/275164.html
1194,https://www.avvo.com/attorneys/400845.html
1195,https://www.avvo.com/attorneys/3564292.html
1196,https://www.avvo.com/attorneys/394431.html
1197,https://www.avvo.com/attorneys/219991.html
1198,https://www.avvo.com/attorneys/325257.html
1199,https://www.avvo.com/attorneys/4091277.html
1200,https://www.avvo.com/attorneys/4068263.html
1201,https://www.avvo.com/attorneys/1261604.html
1202,https://www.avvo.com/attorneys/733398.html
1203,https://www.avvo.com/attorneys/100873.html
1204,https://www.avvo.com/attorneys/197229.html
1205,https://www.avvo.com/attorneys/304771.html
1206,https://www.avvo.com/attorneys/1900630.html
1207,https://www.avvo.com/attorneys/193919.html
1208,https://www.avvo.com/attorneys/179915.html
1209,https://www.avvo.com/attorneys/860074.html
1210,https://www.avvo.com/attorneys/1698685.html
1211,https://www.avvo.com/attorneys/196380.html
1212,https://www.avvo.com/attorneys/1949634.html
1213,https://www.avvo.com/attorneys/319519.html
1214,https://www.avvo.com/attorneys/1950944.html
1215,https://www.avvo.com/attorneys/1786751.html
1216,https://www.avvo.com/attorneys/4282021.html
1217,https://www.avvo.com/attorneys/1806686.html
1218,https://www.avvo.com/attorneys/1909459.html
1219,https://www.avvo.com/attorneys/224919.html
1220,https://www.avvo.com/attorneys/321967.html
1221,https://www.avvo.com/attorneys/1239414.html
1222,https://www.avvo.com/attorneys/509106.html
1223,https://www.avvo.com/attorneys/1557706.html
1224,https://www.avvo.com/attorneys/243790.html
1225,https://www.avvo.com/attorneys/4237957.html
1226,https://www.avvo.com/attorneys/1244486.html
1227,https://www.avvo.com/attorneys/1491246.html
1228,https://www.avvo.com/attorneys/1595960.html
1229,https://www.avvo.com/attorneys/909572.html
1230,https://www.avvo.com/attorneys/1353338.html
1231,https://www.avvo.com/attorneys/348182.html
1232,https://www.avvo.com/attorneys/389468.html
1233,https://www.avvo.com/attorneys/895049.html
1234,https://www.avvo.com/attorneys/177817.html
1235,https://www.avvo.com/attorneys/1288971.html
1236,https://www.avvo.com/attorneys/1262588.html
1237,https://www.avvo.com/attorneys/1843055.html
1238,https://www.avvo.com/attorneys/152072.html
1239,https://www.avvo.com/attorneys/3343301.html
1240,https://www.avvo.com/attorneys/46883.html
1241,https://www.avvo.com/attorneys/1760395.html
1242,https://www.avvo.com/attorneys/386374.html
1243,https://www.avvo.com/attorneys/141734.html
1244,https://www.avvo.com/attorneys/1429228.html
1245,https://www.avvo.com/attorneys/866031.html
1246,https://www.avvo.com/attorneys/1600041.html
1247,https://www.avvo.com/attorneys/1112869.html
1248,https://www.avvo.com/attorneys/940091.html
1249,https://www.avvo.com/attorneys/1805538.html
1250,https://www.avvo.com/attorneys/226264.html
1251,https://www.avvo.com/attorneys/110397.html
1252,https://www.avvo.com/attorneys/3736907.html
1253,https://www.avvo.com/attorneys/4025589.html
1254,https://www.avvo.com/attorneys/360930.html
1255,https://www.avvo.com/attorneys/271292.html
1256,https://www.avvo.com/attorneys/193242.html
1257,https://www.avvo.com/attorneys/1580246.html
1258,https://www.avvo.com/attorneys/216731.html
1259,https://www.avvo.com/attorneys/4071061.html
1260,https://www.avvo.com/attorneys/266335.html
1261,https://www.avvo.com/attorneys/3819764.html
1262,https://www.avvo.com/attorneys/973392.html
1263,https://www.avvo.com/attorneys/251746.html
1264,https://www.avvo.com/attorneys/336905.html
1265,https://www.avvo.com/attorneys/443143.html
1266,https://www.avvo.com/attorneys/3337321.html
1267,https://www.avvo.com/attorneys/3410202.html
1268,https://www.avvo.com/attorneys/1842882.html
1269,https://www.avvo.com/attorneys/1756911.html
1270,https://www.avvo.com/attorneys/4235358.html
1271,https://www.avvo.com/attorneys/336283.html
1272,https://www.avvo.com/attorneys/460191.html
1273,https://www.avvo.com/attorneys/1755425.html
1274,https://www.avvo.com/attorneys/1755409.html
1275,https://www.avvo.com/attorneys/1911367.html
1276,https://www.avvo.com/attorneys/1240140.html
1277,https://www.avvo.com/attorneys/1325385.html
1278,https://www.avvo.com/attorneys/3563644.html
1279,https://www.avvo.com/attorneys/1473477.html
1280,https://www.avvo.com/attorneys/1088187.html
1281,https://www.avvo.com/attorneys/1218350.html
1282,https://www.avvo.com/attorneys/199530.html
1283,https://www.avvo.com/attorneys/1440320.html
1284,https://www.avvo.com/attorneys/36033.html
1285,https://www.avvo.com/attorneys/1943785.html
1286,https://www.avvo.com/attorneys/39856.html
1287,https://www.avvo.com/attorneys/1753945.html
1288,https://www.avvo.com/attorneys/560585.html
1289,https://www.avvo.com/attorneys/3803206.html
1290,https://www.avvo.com/attorneys/153746.html
1291,https://www.avvo.com/attorneys/269055.html
1292,https://www.avvo.com/attorneys/66999.html
1293,https://www.avvo.com/attorneys/381923.html
1294,https://www.avvo.com/attorneys/1916600.html
1295,https://www.avvo.com/attorneys/406757.html
1296,https://www.avvo.com/attorneys/1739108.html
1297,https://www.avvo.com/attorneys/3717918.html
1298,https://www.avvo.com/attorneys/1753795.html
1299,https://www.avvo.com/attorneys/385102.html
1300,https://www.avvo.com/attorneys/418655.html
1301,https://www.avvo.com/attorneys/370500.html
1302,https://www.avvo.com/attorneys/4070543.html
1303,https://www.avvo.com/attorneys/1953879.html
1304,https://www.avvo.com/attorneys/297759.html
1305,https://www.avvo.com/attorneys/282689.html
1306,https://www.avvo.com/attorneys/309216.html
1307,https://www.avvo.com/attorneys/149390.html
1308,https://www.avvo.com/attorneys/383558.html
1309,https://www.avvo.com/attorneys/1909892.html
1310,https://www.avvo.com/attorneys/152164.html
1311,https://www.avvo.com/attorneys/1260623.html
1312,https://www.avvo.com/attorneys/4235310.html
1313,https://www.avvo.com/attorneys/225029.html
1314,https://www.avvo.com/attorneys/317621.html
1315,https://www.avvo.com/attorneys/340157.html
1316,https://www.avvo.com/attorneys/1905536.html
1317,https://www.avvo.com/attorneys/1753159.html
1318,https://www.avvo.com/attorneys/1756047.html
1319,https://www.avvo.com/attorneys/325605.html
1320,https://www.avvo.com/attorneys/325970.html
1321,https://www.avvo.com/attorneys/232413.html
1322,https://www.avvo.com/attorneys/3405797.html
1323,https://www.avvo.com/attorneys/3409570.html
1324,https://www.avvo.com/attorneys/35075.html
1325,https://www.avvo.com/attorneys/293186.html
1326,https://www.avvo.com/attorneys/366241.html
1327,https://www.avvo.com/attorneys/411697.html
1328,https://www.avvo.com/attorneys/232166.html
1329,https://www.avvo.com/attorneys/273429.html
1330,https://www.avvo.com/attorneys/1761324.html
1331,https://www.avvo.com/attorneys/337937.html
1332,https://www.avvo.com/attorneys/83931.html
1333,https://www.avvo.com/attorneys/464143.html
1334,https://www.avvo.com/attorneys/4091533.html
1335,https://www.avvo.com/attorneys/1218580.html
1336,https://www.avvo.com/attorneys/336926.html
1337,https://www.avvo.com/attorneys/1953887.html
1338,https://www.avvo.com/attorneys/1277632.html
1339,https://www.avvo.com/attorneys/868829.html
1340,https://www.avvo.com/attorneys/1235515.html
1341,https://www.avvo.com/attorneys/257273.html
1342,https://www.avvo.com/attorneys/1752991.html
1343,https://www.avvo.com/attorneys/281369.html
1344,https://www.avvo.com/attorneys/968292.html
1345,https://www.avvo.com/attorneys/4142980.html
1346,https://www.avvo.com/attorneys/118127.html
1347,https://www.avvo.com/attorneys/185209.html
1348,https://www.avvo.com/attorneys/1550817.html
1349,https://www.avvo.com/attorneys/1902122.html
1350,https://www.avvo.com/attorneys/1673397.html
1351,https://www.avvo.com/attorneys/4221030.html
1352,https://www.avvo.com/attorneys/4070705.html
1353,https://www.avvo.com/attorneys/74497.html
1354,https://www.avvo.com/attorneys/1901440.html
1355,https://www.avvo.com/attorneys/281058.html
1356,https://www.avvo.com/attorneys/1587578.html
1357,https://www.avvo.com/attorneys/242305.html
1358,https://www.avvo.com/attorneys/383512.html
1359,https://www.avvo.com/attorneys/329207.html
1360,https://www.avvo.com/attorneys/1949850.html
1361,https://www.avvo.com/attorneys/1570620.html
1362,https://www.avvo.com/attorneys/290906.html
1363,https://www.avvo.com/attorneys/1133366.html
1364,https://www.avvo.com/attorneys/4311.html
1365,https://www.avvo.com/attorneys/314247.html
1366,https://www.avvo.com/attorneys/321052.html
1367,https://www.avvo.com/attorneys/4139699.html
1368,https://www.avvo.com/attorneys/271804.html
1369,https://www.avvo.com/attorneys/1909093.html
1370,https://www.avvo.com/attorneys/1103920.html
1371,https://www.avvo.com/attorneys/119224.html
1372,https://www.avvo.com/attorneys/288450.html
1373,https://www.avvo.com/attorneys/258402.html
1374,https://www.avvo.com/attorneys/1905263.html
1375,https://www.avvo.com/attorneys/1005704.html
1376,https://www.avvo.com/attorneys/544145.html
1377,https://www.avvo.com/attorneys/1345615.html
1378,https://www.avvo.com/attorneys/980328.html
1379,https://www.avvo.com/attorneys/1942277.html
1380,https://www.avvo.com/attorneys/72737.html
1381,https://www.avvo.com/attorneys/1756597.html
1382,https://www.avvo.com/attorneys/1754806.html
1383,https://www.avvo.com/attorneys/265806.html
1384,https://www.avvo.com/attorneys/210763.html
1385,https://www.avvo.com/attorneys/349809.html
1386,https://www.avvo.com/attorneys/495663.html
1387,https://www.avvo.com/attorneys/338732.html
1388,https://www.avvo.com/attorneys/324486.html
1389,https://www.avvo.com/attorneys/4143327.html
1390,https://www.avvo.com/attorneys/1953839.html
1391,https://www.avvo.com/attorneys/24610.html
1392,https://www.avvo.com/attorneys/383067.html
1393,https://www.avvo.com/attorneys/369729.html
1394,https://www.avvo.com/attorneys/1320669.html
1395,https://www.avvo.com/attorneys/1033092.html
1396,https://www.avvo.com/attorneys/1954307.html
1397,https://www.avvo.com/attorneys/1786034.html
1398,https://www.avvo.com/attorneys/286632.html
1399,https://www.avvo.com/attorneys/52437.html
1400,https://www.avvo.com/attorneys/75568.html
1401,https://www.avvo.com/attorneys/1950362.html
1402,https://www.avvo.com/attorneys/3562207.html
1403,https://www.avvo.com/attorneys/191995.html
1404,https://www.avvo.com/attorneys/1910727.html
1405,https://www.avvo.com/attorneys/702979.html
1406,https://www.avvo.com/attorneys/1757898.html
1407,https://www.avvo.com/attorneys/106339.html
1408,https://www.avvo.com/attorneys/3738306.html
1409,https://www.avvo.com/attorneys/4008354.html
1410,https://www.avvo.com/attorneys/1844565.html
1411,https://www.avvo.com/attorneys/194092.html
1412,https://www.avvo.com/attorneys/3717925.html
1413,https://www.avvo.com/attorneys/4177523.html
1414,https://www.avvo.com/attorneys/1753221.html
1415,https://www.avvo.com/attorneys/965551.html
1416,https://www.avvo.com/attorneys/289855.html
1417,https://www.avvo.com/attorneys/387085.html
1418,https://www.avvo.com/attorneys/4072327.html
1419,https://www.avvo.com/attorneys/1488986.html
1420,https://www.avvo.com/attorneys/144843.html
1421,https://www.avvo.com/attorneys/187528.html
1422,https://www.avvo.com/attorneys/150170.html
1423,https://www.avvo.com/attorneys/3735673.html
1424,https://www.avvo.com/attorneys/159897.html
1425,https://www.avvo.com/attorneys/1757309.html
1426,https://www.avvo.com/attorneys/1215287.html
1427,https://www.avvo.com/attorneys/467723.html
1428,https://www.avvo.com/attorneys/1794044.html
1429,https://www.avvo.com/attorneys/411038.html
1430,https://www.avvo.com/attorneys/1469017.html
1431,https://www.avvo.com/attorneys/516194.html
1432,https://www.avvo.com/attorneys/1908486.html
1433,https://www.avvo.com/attorneys/3415673.html
1434,https://www.avvo.com/attorneys/494817.html
1435,https://www.avvo.com/attorneys/1492899.html
1436,https://www.avvo.com/attorneys/1756411.html
1437,https://www.avvo.com/attorneys/3599147.html
1438,https://www.avvo.com/attorneys/1810818.html
1439,https://www.avvo.com/attorneys/1906142.html
1440,https://www.avvo.com/attorneys/1754694.html
1441,https://www.avvo.com/attorneys/194462.html
1442,https://www.avvo.com/attorneys/4068132.html
1443,https://www.avvo.com/attorneys/310198.html
1444,https://www.avvo.com/attorneys/292277.html
1445,https://www.avvo.com/attorneys/345162.html
1446,https://www.avvo.com/attorneys/785244.html
1447,https://www.avvo.com/attorneys/214548.html
1448,https://www.avvo.com/attorneys/236447.html
1449,https://www.avvo.com/attorneys/4071989.html
1450,https://www.avvo.com/attorneys/1806902.html
1451,https://www.avvo.com/attorneys/1794020.html
1452,https://www.avvo.com/attorneys/1756004.html
1453,https://www.avvo.com/attorneys/1289681.html
1454,https://www.avvo.com/attorneys/1220867.html
1455,https://www.avvo.com/attorneys/104357.html
1456,https://www.avvo.com/attorneys/275842.html
1457,https://www.avvo.com/attorneys/184340.html
1458,https://www.avvo.com/attorneys/1910148.html
1459,https://www.avvo.com/attorneys/1843409.html
1460,https://www.avvo.com/attorneys/614121.html
1461,https://www.avvo.com/attorneys/1495411.html
1462,https://www.avvo.com/attorneys/1003988.html
1463,https://www.avvo.com/attorneys/151284.html
1464,https://www.avvo.com/attorneys/31301.html
1465,https://www.avvo.com/attorneys/3800117.html
1466,https://www.avvo.com/attorneys/95404.html
1467,https://www.avvo.com/attorneys/1528390.html
1468,https://www.avvo.com/attorneys/1908301.html
1469,https://www.avvo.com/attorneys/51956.html
1470,https://www.avvo.com/attorneys/3563890.html
1471,https://www.avvo.com/attorneys/3737464.html
1472,https://www.avvo.com/attorneys/1910950.html
1473,https://www.avvo.com/attorneys/223730.html
1474,https://www.avvo.com/attorneys/1909239.html
1475,https://www.avvo.com/attorneys/736560.html
1476,https://www.avvo.com/attorneys/420500.html
1477,https://www.avvo.com/attorneys/3561972.html
1478,https://www.avvo.com/attorneys/1509520.html
1479,https://www.avvo.com/attorneys/1793995.html
1480,https://www.avvo.com/attorneys/348471.html
1481,https://www.avvo.com/attorneys/367100.html
1482,https://www.avvo.com/attorneys/132777.html
1483,https://www.avvo.com/attorneys/2793462.html
1484,https://www.avvo.com/attorneys/4091300.html
1485,https://www.avvo.com/attorneys/1770520.html
1486,https://www.avvo.com/attorneys/229804.html
1487,https://www.avvo.com/attorneys/257664.html
1488,https://www.avvo.com/attorneys/1685261.html
1489,https://www.avvo.com/attorneys/1900420.html
1490,https://www.avvo.com/attorneys/118091.html
1491,https://www.avvo.com/attorneys/253030.html
1492,https://www.avvo.com/attorneys/576099.html
1493,https://www.avvo.com/attorneys/46507.html
1494,https://www.avvo.com/attorneys/756899.html
1495,https://www.avvo.com/attorneys/374186.html
1496,https://www.avvo.com/attorneys/357940.html
1497,https://www.avvo.com/attorneys/387167.html
1498,https://www.avvo.com/attorneys/1805241.html
1499,https://www.avvo.com/attorneys/1074530.html
1500,https://www.avvo.com/attorneys/1385794.html
1501,https://www.avvo.com/attorneys/2793167.html
1502,https://www.avvo.com/attorneys/3343165.html
1503,https://www.avvo.com/attorneys/3333240.html
1504,https://www.avvo.com/attorneys/1255011.html
1505,https://www.avvo.com/attorneys/3334888.html
1506,https://www.avvo.com/attorneys/1786445.html
1507,https://www.avvo.com/attorneys/500952.html
1508,https://www.avvo.com/attorneys/363972.html
1509,https://www.avvo.com/attorneys/1916590.html
1510,https://www.avvo.com/attorneys/215998.html
1511,https://www.avvo.com/attorneys/1258764.html
1512,https://www.avvo.com/attorneys/136873.html
1513,https://www.avvo.com/attorneys/1501037.html
1514,https://www.avvo.com/attorneys/3563535.html
1515,https://www.avvo.com/attorneys/342718.html
1516,https://www.avvo.com/attorneys/1942466.html
1517,https://www.avvo.com/attorneys/355366.html
1518,https://www.avvo.com/attorneys/1844433.html
1519,https://www.avvo.com/attorneys/179510.html
1520,https://www.avvo.com/attorneys/327785.html
1521,https://www.avvo.com/attorneys/1219287.html
1522,https://www.avvo.com/attorneys/160520.html
1523,https://www.avvo.com/attorneys/299122.html
1524,https://www.avvo.com/attorneys/1248052.html
1525,https://www.avvo.com/attorneys/103882.html
1526,https://www.avvo.com/attorneys/382931.html
1527,https://www.avvo.com/attorneys/1902051.html
1528,https://www.avvo.com/attorneys/1780399.html
1529,https://www.avvo.com/attorneys/3412133.html
1530,https://www.avvo.com/attorneys/3410932.html
1531,https://www.avvo.com/attorneys/307269.html
1532,https://www.avvo.com/attorneys/161081.html
1533,https://www.avvo.com/attorneys/352260.html
1534,https://www.avvo.com/attorneys/1271434.html
1535,https://www.avvo.com/attorneys/313922.html
1536,https://www.avvo.com/attorneys/316641.html
1537,https://www.avvo.com/attorneys/1215068.html
1538,https://www.avvo.com/attorneys/300030.html
1539,https://www.avvo.com/attorneys/1954381.html
1540,https://www.avvo.com/attorneys/83992.html
1541,https://www.avvo.com/attorneys/1842982.html
1542,https://www.avvo.com/attorneys/1843539.html
1543,https://www.avvo.com/attorneys/3408631.html
1544,https://www.avvo.com/attorneys/218151.html
1545,https://www.avvo.com/attorneys/228617.html
1546,https://www.avvo.com/attorneys/1215210.html
1547,https://www.avvo.com/attorneys/997149.html
1548,https://www.avvo.com/attorneys/1844661.html
1549,https://www.avvo.com/attorneys/12998.html
1550,https://www.avvo.com/attorneys/1907045.html
1551,https://www.avvo.com/attorneys/352592.html
1552,https://www.avvo.com/attorneys/1901476.html
1553,https://www.avvo.com/attorneys/3417109.html
1554,https://www.avvo.com/attorneys/145238.html
1555,https://www.avvo.com/attorneys/3598555.html
1556,https://www.avvo.com/attorneys/1949261.html
1557,https://www.avvo.com/attorneys/1901969.html
1558,https://www.avvo.com/attorneys/437391.html
1559,https://www.avvo.com/attorneys/1757569.html
1560,https://www.avvo.com/attorneys/377112.html
1561,https://www.avvo.com/attorneys/264292.html
1562,https://www.avvo.com/attorneys/86842.html
1563,https://www.avvo.com/attorneys/1295943.html
1564,https://www.avvo.com/attorneys/3342161.html
1565,https://www.avvo.com/attorneys/3561041.html
1566,https://www.avvo.com/attorneys/711558.html
1567,https://www.avvo.com/attorneys/64997.html
1568,https://www.avvo.com/attorneys/272552.html
1569,https://www.avvo.com/attorneys/3343121.html
1570,https://www.avvo.com/attorneys/225110.html
1571,https://www.avvo.com/attorneys/176715.html
1572,https://www.avvo.com/attorneys/1215096.html
1573,https://www.avvo.com/attorneys/3561626.html
1574,https://www.avvo.com/attorneys/3415681.html
1575,https://www.avvo.com/attorneys/1871706.html
1576,https://www.avvo.com/attorneys/1930340.html
1577,https://www.avvo.com/attorneys/1495401.html
1578,https://www.avvo.com/attorneys/1802529.html
1579,https://www.avvo.com/attorneys/381691.html
1580,https://www.avvo.com/attorneys/365517.html
1581,https://www.avvo.com/attorneys/270259.html
1582,https://www.avvo.com/attorneys/32715.html
1583,https://www.avvo.com/attorneys/304548.html
1584,https://www.avvo.com/attorneys/447530.html
1585,https://www.avvo.com/attorneys/736548.html
1586,https://www.avvo.com/attorneys/1955320.html
1587,https://www.avvo.com/attorneys/742750.html
1588,https://www.avvo.com/attorneys/1238524.html
1589,https://www.avvo.com/attorneys/384581.html
1590,https://www.avvo.com/attorneys/1495911.html
1591,https://www.avvo.com/attorneys/281116.html
1592,https://www.avvo.com/attorneys/169396.html
1593,https://www.avvo.com/attorneys/1439531.html
1594,https://www.avvo.com/attorneys/1906978.html
1595,https://www.avvo.com/attorneys/368312.html
1596,https://www.avvo.com/attorneys/506528.html
1597,https://www.avvo.com/attorneys/193301.html
1598,https://www.avvo.com/attorneys/3343755.html
1599,https://www.avvo.com/attorneys/506348.html
1600,https://www.avvo.com/attorneys/217517.html
1601,https://www.avvo.com/attorneys/371255.html
1602,https://www.avvo.com/attorneys/276633.html
1603,https://www.avvo.com/attorneys/97449.html
1604,https://www.avvo.com/attorneys/1566301.html
1605,https://www.avvo.com/attorneys/360431.html
1606,https://www.avvo.com/attorneys/30391.html
1607,https://www.avvo.com/attorneys/3336594.html
1608,https://www.avvo.com/attorneys/20503.html
1609,https://www.avvo.com/attorneys/18207.html
1610,https://www.avvo.com/attorneys/334554.html
1611,https://www.avvo.com/attorneys/366188.html
1612,https://www.avvo.com/attorneys/1943828.html
1613,https://www.avvo.com/attorneys/332216.html
1614,https://www.avvo.com/attorneys/1218991.html
1615,https://www.avvo.com/attorneys/1197251.html
1616,https://www.avvo.com/attorneys/122176.html
1617,https://www.avvo.com/attorneys/3343139.html
1618,https://www.avvo.com/attorneys/347318.html
1619,https://www.avvo.com/attorneys/386083.html
1620,https://www.avvo.com/attorneys/278136.html
1621,https://www.avvo.com/attorneys/96177.html
1622,https://www.avvo.com/attorneys/850464.html
1623,https://www.avvo.com/attorneys/225577.html
1624,https://www.avvo.com/attorneys/1955155.html
1625,https://www.avvo.com/attorneys/232037.html
1626,https://www.avvo.com/attorneys/2793198.html
1627,https://www.avvo.com/attorneys/524402.html
1628,https://www.avvo.com/attorneys/1901846.html
1629,https://www.avvo.com/attorneys/373050.html
1630,https://www.avvo.com/attorneys/1815702.html
1631,https://www.avvo.com/attorneys/1215145.html
1632,https://www.avvo.com/attorneys/277426.html
1633,https://www.avvo.com/attorneys/1409346.html
1634,https://www.avvo.com/attorneys/261545.html
1635,https://www.avvo.com/attorneys/1891234.html
1636,https://www.avvo.com/attorneys/1245897.html
1637,https://www.avvo.com/attorneys/767219.html
1638,https://www.avvo.com/attorneys/3085694.html
1639,https://www.avvo.com/attorneys/1335368.html
1640,https://www.avvo.com/attorneys/160544.html
1641,https://www.avvo.com/attorneys/763773.html
1642,https://www.avvo.com/attorneys/44272.html
1643,https://www.avvo.com/attorneys/251590.html
1644,https://www.avvo.com/attorneys/1954221.html
1645,https://www.avvo.com/attorneys/2925242.html
1646,https://www.avvo.com/attorneys/141578.html
1647,https://www.avvo.com/attorneys/1188091.html
1648,https://www.avvo.com/attorneys/265386.html
1649,https://www.avvo.com/attorneys/349040.html
1650,https://www.avvo.com/attorneys/578183.html
1651,https://www.avvo.com/attorneys/1843740.html
1652,https://www.avvo.com/attorneys/236440.html
1653,https://www.avvo.com/attorneys/749753.html
1654,https://www.avvo.com/attorneys/294516.html
1655,https://www.avvo.com/attorneys/1816847.html
1656,https://www.avvo.com/attorneys/2050412.html
1657,https://www.avvo.com/attorneys/873957.html
1658,https://www.avvo.com/attorneys/250571.html
1659,https://www.avvo.com/attorneys/1843187.html
1660,https://www.avvo.com/attorneys/1656836.html
1661,https://www.avvo.com/attorneys/42313.html
1662,https://www.avvo.com/attorneys/301454.html
1663,https://www.avvo.com/attorneys/1054519.html
1664,https://www.avvo.com/attorneys/39732.html
1665,https://www.avvo.com/attorneys/1907585.html
1666,https://www.avvo.com/attorneys/1953859.html
1667,https://www.avvo.com/attorneys/1954555.html
1668,https://www.avvo.com/attorneys/1237357.html
1669,https://www.avvo.com/attorneys/337054.html
1670,https://www.avvo.com/attorneys/1799068.html
1671,https://www.avvo.com/attorneys/1271495.html
1672,https://www.avvo.com/attorneys/366045.html
1673,https://www.avvo.com/attorneys/164282.html
1674,https://www.avvo.com/attorneys/1290464.html
1675,https://www.avvo.com/attorneys/1347331.html
1676,https://www.avvo.com/attorneys/20128.html
1677,https://www.avvo.com/attorneys/342811.html
1678,https://www.avvo.com/attorneys/1939661.html
1679,https://www.avvo.com/attorneys/1109415.html
1680,https://www.avvo.com/attorneys/196669.html
1681,https://www.avvo.com/attorneys/200426.html
1682,https://www.avvo.com/attorneys/199579.html
1683,https://www.avvo.com/attorneys/1911108.html
1684,https://www.avvo.com/attorneys/286012.html
1685,https://www.avvo.com/attorneys/1561395.html
1686,https://www.avvo.com/attorneys/1943799.html
1687,https://www.avvo.com/attorneys/1951779.html
1688,https://www.avvo.com/attorneys/1050735.html
1689,https://www.avvo.com/attorneys/1217223.html
1690,https://www.avvo.com/attorneys/59922.html
1691,https://www.avvo.com/attorneys/373572.html
1692,https://www.avvo.com/attorneys/1916580.html
1693,https://www.avvo.com/attorneys/359515.html
1694,https://www.avvo.com/attorneys/246572.html
1695,https://www.avvo.com/attorneys/1754570.html
1696,https://www.avvo.com/attorneys/949530.html
1697,https://www.avvo.com/attorneys/1954375.html
1698,https://www.avvo.com/attorneys/419055.html
1699,https://www.avvo.com/attorneys/1449296.html
1700,https://www.avvo.com/attorneys/1950054.html
1701,https://www.avvo.com/attorneys/1814627.html
1702,https://www.avvo.com/attorneys/1785915.html
1703,https://www.avvo.com/attorneys/1942482.html
1704,https://www.avvo.com/attorneys/1308325.html
1705,https://www.avvo.com/attorneys/415902.html
1706,https://www.avvo.com/attorneys/422113.html
1707,https://www.avvo.com/attorneys/1908987.html
1708,https://www.avvo.com/attorneys/292613.html
1709,https://www.avvo.com/attorneys/688373.html
1710,https://www.avvo.com/attorneys/1292930.html
1711,https://www.avvo.com/attorneys/736991.html
1712,https://www.avvo.com/attorneys/362302.html
1713,https://www.avvo.com/attorneys/1950382.html
1714,https://www.avvo.com/attorneys/1954376.html
1715,https://www.avvo.com/attorneys/262599.html
1716,https://www.avvo.com/attorneys/1953891.html
1717,https://www.avvo.com/attorneys/352618.html
1718,https://www.avvo.com/attorneys/1906746.html
1719,https://www.avvo.com/attorneys/1074243.html
1720,https://www.avvo.com/attorneys/1793992.html
1721,https://www.avvo.com/attorneys/532131.html
1722,https://www.avvo.com/attorneys/181877.html
1723,https://www.avvo.com/attorneys/1758076.html
1724,https://www.avvo.com/attorneys/989210.html
1725,https://www.avvo.com/attorneys/1311620.html
1726,https://www.avvo.com/attorneys/4531090.html
1727,https://www.avvo.com/attorneys/453391.html
1728,https://www.avvo.com/attorneys/333864.html
1729,https://www.avvo.com/attorneys/358748.html
1730,https://www.avvo.com/attorneys/1186438.html
1731,https://www.avvo.com/attorneys/1942283.html
1732,https://www.avvo.com/attorneys/436203.html
1733,https://www.avvo.com/attorneys/330027.html
1734,https://www.avvo.com/attorneys/31794.html
1735,https://www.avvo.com/attorneys/740629.html
1736,https://www.avvo.com/attorneys/190513.html
1737,https://www.avvo.com/attorneys/345998.html
1738,https://www.avvo.com/attorneys/1230057.html
1739,https://www.avvo.com/attorneys/452645.html
1740,https://www.avvo.com/attorneys/1950331.html
1741,https://www.avvo.com/attorneys/1802407.html
1742,https://www.avvo.com/attorneys/736520.html
1743,https://www.avvo.com/attorneys/621496.html
1744,https://www.avvo.com/attorneys/1952411.html
1745,https://www.avvo.com/attorneys/765260.html
1746,https://www.avvo.com/attorneys/224546.html
1747,https://www.avvo.com/attorneys/1797120.html
1748,https://www.avvo.com/attorneys/764041.html
1749,https://www.avvo.com/attorneys/157262.html
1750,https://www.avvo.com/attorneys/753155.html
1751,https://www.avvo.com/attorneys/188590.html
1752,https://www.avvo.com/attorneys/82804.html
1753,https://www.avvo.com/attorneys/1216716.html
1754,https://www.avvo.com/attorneys/1095044.html
1755,https://www.avvo.com/attorneys/1788982.html
1756,https://www.avvo.com/attorneys/990997.html
1757,https://www.avvo.com/attorneys/1950024.html
1758,https://www.avvo.com/attorneys/383054.html
1759,https://www.avvo.com/attorneys/1543684.html
1760,https://www.avvo.com/attorneys/365402.html
1761,https://www.avvo.com/attorneys/262388.html
1762,https://www.avvo.com/attorneys/1906585.html
1763,https://www.avvo.com/attorneys/1415124.html
1764,https://www.avvo.com/attorneys/1768896.html
1765,https://www.avvo.com/attorneys/347296.html
1766,https://www.avvo.com/attorneys/948654.html
1767,https://www.avvo.com/attorneys/211577.html
1768,https://www.avvo.com/attorneys/1904480.html
1769,https://www.avvo.com/attorneys/146469.html
1770,https://www.avvo.com/attorneys/1759154.html
1771,https://www.avvo.com/attorneys/352974.html
1772,https://www.avvo.com/attorneys/1249236.html
1773,https://www.avvo.com/attorneys/1361805.html
1774,https://www.avvo.com/attorneys/95310.html
1775,https://www.avvo.com/attorneys/1950380.html
1776,https://www.avvo.com/attorneys/1489183.html
1777,https://www.avvo.com/attorneys/237306.html
1778,https://www.avvo.com/attorneys/130579.html
1779,https://www.avvo.com/attorneys/1950203.html
1780,https://www.avvo.com/attorneys/172851.html
1781,https://www.avvo.com/attorneys/273020.html
1782,https://www.avvo.com/attorneys/1756540.html
1783,https://www.avvo.com/attorneys/280294.html
1784,https://www.avvo.com/attorneys/1124848.html
1785,https://www.avvo.com/attorneys/754032.html
1786,https://www.avvo.com/attorneys/1949906.html
1787,https://www.avvo.com/attorneys/1905519.html
1788,https://www.avvo.com/attorneys/14456.html
1789,https://www.avvo.com/attorneys/202132.html
1790,https://www.avvo.com/attorneys/165660.html
1791,https://www.avvo.com/attorneys/1217583.html
1792,https://www.avvo.com/attorneys/1786020.html
1793,https://www.avvo.com/attorneys/1694253.html
1794,https://www.avvo.com/attorneys/77128.html
1795,https://www.avvo.com/attorneys/264501.html
1796,https://www.avvo.com/attorneys/1761320.html
1797,https://www.avvo.com/attorneys/1278586.html
1798,https://www.avvo.com/attorneys/325571.html
1799,https://www.avvo.com/attorneys/1215613.html
1800,https://www.avvo.com/attorneys/263388.html
1801,https://www.avvo.com/attorneys/1843611.html
1802,https://www.avvo.com/attorneys/1033564.html
1803,https://www.avvo.com/attorneys/1785840.html
1804,https://www.avvo.com/attorneys/1844764.html
1805,https://www.avvo.com/attorneys/320929.html
1806,https://www.avvo.com/attorneys/249948.html
1807,https://www.avvo.com/attorneys/387069.html
1808,https://www.avvo.com/attorneys/324929.html
1809,https://www.avvo.com/attorneys/321344.html
1810,https://www.avvo.com/attorneys/1102412.html
1811,https://www.avvo.com/attorneys/130989.html
1812,https://www.avvo.com/attorneys/194511.html
1813,https://www.avvo.com/attorneys/299923.html
1814,https://www.avvo.com/attorneys/230280.html
1815,https://www.avvo.com/attorneys/1218027.html
1816,https://www.avvo.com/attorneys/1769844.html
1817,https://www.avvo.com/attorneys/1797212.html
1818,https://www.avvo.com/attorneys/1275174.html
1819,https://www.avvo.com/attorneys/40616.html
1820,https://www.avvo.com/attorneys/1843105.html
1821,https://www.avvo.com/attorneys/34749.html
1822,https://www.avvo.com/attorneys/1755566.html
1823,https://www.avvo.com/attorneys/206934.html
1824,https://www.avvo.com/attorneys/705127.html
1825,https://www.avvo.com/attorneys/251320.html
1826,https://www.avvo.com/attorneys/101519.html
1827,https://www.avvo.com/attorneys/1217068.html
1828,https://www.avvo.com/attorneys/1805165.html
1829,https://www.avvo.com/attorneys/165937.html
1830,https://www.avvo.com/attorneys/1842918.html
1831,https://www.avvo.com/attorneys/1216650.html
1832,https://www.avvo.com/attorneys/356184.html
1833,https://www.avvo.com/attorneys/1783772.html
1834,https://www.avvo.com/attorneys/340632.html
1835,https://www.avvo.com/attorneys/1215476.html
1836,https://www.avvo.com/attorneys/656268.html
1837,https://www.avvo.com/attorneys/1785831.html
1838,https://www.avvo.com/attorneys/1783127.html
1839,https://www.avvo.com/attorneys/784196.html
1840,https://www.avvo.com/attorneys/1291926.html
1841,https://www.avvo.com/attorneys/216759.html
1842,https://www.avvo.com/attorneys/1770333.html
1843,https://www.avvo.com/attorneys/36461.html
1844,https://www.avvo.com/attorneys/1119094.html
1845,https://www.avvo.com/attorneys/496993.html
1846,https://www.avvo.com/attorneys/1700300.html
1847,https://www.avvo.com/attorneys/1752938.html
1848,https://www.avvo.com/attorneys/1220588.html
1849,https://www.avvo.com/attorneys/1218637.html
1850,https://www.avvo.com/attorneys/1756247.html
1851,https://www.avvo.com/attorneys/53392.html
1852,https://www.avvo.com/attorneys/348905.html
1853,https://www.avvo.com/attorneys/82111.html
1854,https://www.avvo.com/attorneys/31416.html
1855,https://www.avvo.com/attorneys/574055.html
1856,https://www.avvo.com/attorneys/503420.html
1857,https://www.avvo.com/attorneys/1219877.html
1858,https://www.avvo.com/attorneys/247960.html
1859,https://www.avvo.com/attorneys/1752008.html
1860,https://www.avvo.com/attorneys/863703.html
1861,https://www.avvo.com/attorneys/305808.html
1862,https://www.avvo.com/attorneys/309537.html
1863,https://www.avvo.com/attorneys/1785863.html
1864,https://www.avvo.com/attorneys/1239672.html
1865,https://www.avvo.com/attorneys/1118461.html
1866,https://www.avvo.com/attorneys/235365.html
1867,https://www.avvo.com/attorneys/275907.html
1868,https://www.avvo.com/attorneys/1276224.html
1869,https://www.avvo.com/attorneys/1785898.html
1870,https://www.avvo.com/attorneys/59454.html
1871,https://www.avvo.com/attorneys/1254800.html
1872,https://www.avvo.com/attorneys/352486.html
1873,https://www.avvo.com/attorneys/376706.html
1874,https://www.avvo.com/attorneys/236042.html
1875,https://www.avvo.com/attorneys/251290.html
1876,https://www.avvo.com/attorneys/292021.html
1877,https://www.avvo.com/attorneys/59354.html
1878,https://www.avvo.com/attorneys/1759326.html
1879,https://www.avvo.com/attorneys/331190.html
1880,https://www.avvo.com/attorneys/287411.html
1881,https://www.avvo.com/attorneys/1263537.html
1882,https://www.avvo.com/attorneys/329083.html
1883,https://www.avvo.com/attorneys/401625.html
1884,https://www.avvo.com/attorneys/172407.html
1885,https://www.avvo.com/attorneys/35094.html
1886,https://www.avvo.com/attorneys/370926.html
1887,https://www.avvo.com/attorneys/114485.html
1888,https://www.avvo.com/attorneys/120246.html
1889,https://www.avvo.com/attorneys/33509.html
1890,https://www.avvo.com/attorneys/732180.html
1891,https://www.avvo.com/attorneys/1689960.html
1892,https://www.avvo.com/attorneys/909198.html
1893,https://www.avvo.com/attorneys/292681.html
1894,https://www.avvo.com/attorneys/9517.html
1895,https://www.avvo.com/attorneys/102337.html
1896,https://www.avvo.com/attorneys/206509.html
1897,https://www.avvo.com/attorneys/1115360.html
1898,https://www.avvo.com/attorneys/1255648.html
1899,https://www.avvo.com/attorneys/688619.html
1900,https://www.avvo.com/attorneys/32923.html
1901,https://www.avvo.com/attorneys/387749.html
1902,https://www.avvo.com/attorneys/1274715.html
1903,https://www.avvo.com/attorneys/77086.html
1904,https://www.avvo.com/attorneys/1530867.html
1905,https://www.avvo.com/attorneys/280747.html
1906,https://www.avvo.com/attorneys/208292.html
1907,https://www.avvo.com/attorneys/1643693.html
1908,https://www.avvo.com/attorneys/31338.html
1909,https://www.avvo.com/attorneys/364514.html
1910,https://www.avvo.com/attorneys/1103406.html
1911,https://www.avvo.com/attorneys/289535.html
1912,https://www.avvo.com/attorneys/239890.html
1913,https://www.avvo.com/attorneys/31297.html
1914,https://www.avvo.com/attorneys/753267.html
